[{"model": "admin.logentry", "pk": 1, "fields": {"action_time": "2026-04-20T04:43:31.872Z", "user": 1, "content_type": 4, "object_id": "1", "object_repr": "admin", "action_flag": 2, "change_message": "[{\"changed\": {\"fields\": [\"User permissions\"]}}, {\"changed\": {\"name\": \"profile\", \"object\": \"admin profile\", \"fields\": [\"Requested group\", \"Approved at\", \"Approved by\"]}}]"}}, {"model": "admin.logentry", "pk": 2, "fields": {"action_time": "2026-04-20T04:45:21.724Z", "user": 1, "content_type": 11, "object_id": "1", "object_repr": "admin profile", "action_flag": 2, "change_message": "[]"}}, {"model": "admin.logentry", "pk": 3, "fields": {"action_time": "2026-04-20T04:58:24.449Z", "user": 1, "content_type": 3, "object_id": "1", "object_repr": "DAARUL BAYAAN ISLAMIC SCHOOL", "action_flag": 1, "change_message": "[{\"added\": {}}]"}}, {"model": "admin.logentry", "pk": 4, "fields": {"action_time": "2026-04-20T04:59:10.106Z", "user": 1, "content_type": 4, "object_id": "1", "object_repr": "admin", "action_flag": 2, "change_message": "[{\"changed\": {\"fields\": [\"User permissions\"]}}]"}}, {"model": "admin.logentry", "pk": 5, "fields": {"action_time": "2026-04-20T05:53:26.155Z", "user": 1, "content_type": 11, "object_id": "2", "object_repr": "PREP1 profile", "action_flag": 2, "change_message": "[{\"changed\": {\"fields\": [\"Is approved\", \"Approved at\", \"Approved by\"]}}]"}}, {"model": "admin.logentry", "pk": 6, "fields": {"action_time": "2026-04-20T06:01:29.439Z", "user": 1, "content_type": 22, "object_id": "1", "object_repr": "CRECHE", "action_flag": 1, "change_message": "[{\"added\": {}}]"}}, {"model": "admin.logentry", "pk": 7, "fields": {"action_time": "2026-04-20T06:02:08.825Z", "user": 1, "content_type": 22, "object_id": "2", "object_repr": "PREP1", "action_flag": 1, "change_message": "[{\"added\": {}}]"}}, {"model": "admin.logentry", "pk": 8, "fields": {"action_time": "2026-04-20T06:02:38.378Z", "user": 1, "content_type": 22, "object_id": "3", "object_repr": "PREP2", "action_flag": 1, "change_message": "[{\"added\": {}}]"}}, {"model": "admin.logentry", "pk": 9, "fields": {"action_time": "2026-04-20T06:03:20.668Z", "user": 1, "content_type": 22, "object_id": "4", "object_repr": "NURSERY1", "action_flag": 1, "change_message": "[{\"added\": {}}]"}}, {"model": "admin.logentry", "pk": 10, "fields": {"action_time": "2026-04-20T06:04:02.922Z", "user": 1, "content_type": 22, "object_id": "5", "object_repr": "NURSERY2", "action_flag": 1, "change_message": "[{\"added\": {}}]"}}, {"model": "admin.logentry", "pk": 11, "fields": {"action_time": "2026-04-20T06:04:53.914Z", "user": 1, "content_type": 22, "object_id": "6", "object_repr": "BASIC ONE", "action_flag": 1, "change_message": "[{\"added\": {}}]"}}, {"model": "admin.logentry", "pk": 12, "fields": {"action_time": "2026-04-20T06:07:54.845Z", "user": 1, "content_type": 4, "object_id": "2", "object_repr": "PREP1", "action_flag": 2, "change_message": "[]"}}, {"model": "admin.logentry", "pk": 13, "fields": {"action_time": "2026-04-20T06:09:09.217Z", "user": 1, "content_type": 38, "object_id": "1", "object_repr": "HAFSOH UNIQUE (003)", "action_flag": 1, "change_message": "[{\"added\": {}}]"}}, {"model": "admin.logentry", "pk": 14, "fields": {"action_time": "2026-04-20T06:21:23.809Z", "user": 1, "content_type": 13, "object_id": "1", "object_repr": "MUWAFFAQOH BAMIGBOLA — MR/MRS BAMIGBOLA (accepted)", "action_flag": 2, "change_message": "[{\"changed\": {\"fields\": [\"Status\"]}}]"}}, {"model": "admin.logentry", "pk": 15, "fields": {"action_time": "2026-04-20T06:22:44.371Z", "user": 1, "content_type": 12, "object_id": "1", "object_repr": "25/26DB001 - BAMIGBOLA MUWAFFAQOH DOLAPO", "action_flag": 2, "change_message": "[]"}}, {"model": "admin.logentry", "pk": 16, "fields": {"action_time": "2026-04-20T06:29:05.221Z", "user": 1, "content_type": 4, "object_id": "2", "object_repr": "PREP1", "action_flag": 2, "change_message": "[]"}}, {"model": "admin.logentry", "pk": 17, "fields": {"action_time": "2026-04-20T06:39:46.998Z", "user": 1, "content_type": 11, "object_id": "3", "object_repr": "BAMIGBOLA001 profile", "action_flag": 2, "change_message": "[{\"changed\": {\"fields\": [\"Is approved\", \"Approved by\"]}}]"}}, {"model": "admin.logentry", "pk": 18, "fields": {"action_time": "2026-04-20T06:40:33.957Z", "user": 1, "content_type": 4, "object_id": "3", "object_repr": "BAMIGBOLA001", "action_flag": 2, "change_message": "[]"}}, {"model": "admin.logentry", "pk": 19, "fields": {"action_time": "2026-04-20T06:47:14.905Z", "user": 1, "content_type": 7, "object_id": "1", "object_repr": "Django", "action_flag": 1, "change_message": "[{\"added\": {}}]"}}, {"model": "admin.logentry", "pk": 20, "fields": {"action_time": "2026-04-20T06:49:05.953Z", "user": 1, "content_type": 7, "object_id": "2", "object_repr": "DAARUL BAYAAN ISLAMIC SCHOOL", "action_flag": 1, "change_message": "[{\"added\": {}}]"}}, {"model": "admin.logentry", "pk": 21, "fields": {"action_time": "2026-04-20T06:50:03.444Z", "user": 1, "content_type": 7, "object_id": "1", "object_repr": "Django", "action_flag": 2, "change_message": "[{\"changed\": {\"fields\": [\"Visible\"]}}]"}}, {"model": "admin.logentry", "pk": 22, "fields": {"action_time": "2026-04-20T06:52:30.922Z", "user": 1, "content_type": 4, "object_id": "1", "object_repr": "admin", "action_flag": 2, "change_message": "[{\"changed\": {\"fields\": [\"Groups\"]}}]"}}, {"model": "admin.logentry", "pk": 23, "fields": {"action_time": "2026-04-20T06:53:54.023Z", "user": 1, "content_type": 4, "object_id": "1", "object_repr": "admin", "action_flag": 2, "change_message": "[]"}}, {"model": "admin.logentry", "pk": 24, "fields": {"action_time": "2026-04-20T06:57:38.493Z", "user": 1, "content_type": 4, "object_id": "1", "object_repr": "admin", "action_flag": 2, "change_message": "[{\"changed\": {\"fields\": [\"Staff status\"]}}]"}}, {"model": "admin.logentry", "pk": 25, "fields": {"action_time": "2026-04-20T07:09:19.232Z", "user": 1, "content_type": 4, "object_id": "1", "object_repr": "admin", "action_flag": 2, "change_message": "[]"}}, {"model": "admin.logentry", "pk": 26, "fields": {"action_time": "2026-04-20T07:23:45.549Z", "user": 1, "content_type": 11, "object_id": "4", "object_repr": "UNIQUE profile", "action_flag": 2, "change_message": "[{\"changed\": {\"fields\": [\"Is approved\", \"Approved by\"]}}]"}}, {"model": "admin.logentry", "pk": 27, "fields": {"action_time": "2026-04-20T07:27:09.436Z", "user": 4, "content_type": 4, "object_id": "4", "object_repr": "UNIQUE", "action_flag": 2, "change_message": "[{\"changed\": {\"name\": \"profile\", \"object\": \"UNIQUE profile\", \"fields\": [\"Requested group\"]}}]"}}, {"model": "admin.logentry", "pk": 28, "fields": {"action_time": "2026-04-20T07:28:39.978Z", "user": 4, "content_type": 4, "object_id": "4", "object_repr": "UNIQUE", "action_flag": 2, "change_message": "[]"}}, {"model": "admin.logentry", "pk": 29, "fields": {"action_time": "2026-04-20T07:52:03.088Z", "user": 4, "content_type": 4, "object_id": "4", "object_repr": "UNIQUE", "action_flag": 2, "change_message": "[{\"changed\": {\"fields\": [\"User permissions\"]}}, {\"changed\": {\"name\": \"profile\", \"object\": \"UNIQUE profile\", \"fields\": [\"Approved at\"]}}]"}}, {"model": "admin.logentry", "pk": 30, "fields": {"action_time": "2026-04-20T07:53:20.425Z", "user": 4, "content_type": 3, "object_id": "1", "object_repr": "DAARUL BAYAAN ISLAMIC SCHOOL", "action_flag": 2, "change_message": "[]"}}, {"model": "admin.logentry", "pk": 31, "fields": {"action_time": "2026-04-20T07:55:19.334Z", "user": 4, "content_type": 38, "object_id": "1", "object_repr": "HAFSOH UNIQUE (003)", "action_flag": 2, "change_message": "[]"}}, {"model": "admin.logentry", "pk": 32, "fields": {"action_time": "2026-04-20T07:58:18.644Z", "user": 4, "content_type": 27, "object_id": "1", "object_repr": "2026-04-20 - recieved by director", "action_flag": 1, "change_message": "[{\"added\": {}}]"}}, {"model": "admin.logentry", "pk": 33, "fields": {"action_time": "2026-04-20T07:59:44.946Z", "user": 4, "content_type": 24, "object_id": "1", "object_repr": "HAFSOH (Teacher)", "action_flag": 1, "change_message": "[{\"added\": {}}]"}}, {"model": "admin.logentry", "pk": 34, "fields": {"action_time": "2026-04-20T08:00:58.636Z", "user": 4, "content_type": 43, "object_id": "1", "object_repr": "HAFSOH - April 2026 Dashboard", "action_flag": 1, "change_message": "[{\"added\": {}}]"}}, {"model": "admin.logentry", "pk": 35, "fields": {"action_time": "2026-04-20T08:02:10.690Z", "user": 4, "content_type": 28, "object_id": "1", "object_repr": "HAFSOH - April 2026", "action_flag": 1, "change_message": "[{\"added\": {}}]"}}, {"model": "admin.logentry", "pk": 36, "fields": {"action_time": "2026-04-20T08:03:20.032Z", "user": 4, "content_type": 44, "object_id": "1", "object_repr": "HAFSOH - ABIMBOLA HAFSOH: ₦28000", "action_flag": 1, "change_message": "[{\"added\": {}}]"}}, {"model": "admin.logentry", "pk": 37, "fields": {"action_time": "2026-04-20T08:14:01.054Z", "user": 4, "content_type": 4, "object_id": "2", "object_repr": "PREP1", "action_flag": 2, "change_message": "[{\"changed\": {\"fields\": [\"Staff status\", \"User permissions\"]}}]"}}, {"model": "admin.logentry", "pk": 38, "fields": {"action_time": "2026-04-20T08:21:21.236Z", "user": 1, "content_type": 11, "object_id": "5", "object_repr": "SODIQ profile", "action_flag": 2, "change_message": "[{\"changed\": {\"fields\": [\"Is approved\", \"Approved at\", \"Approved by\"]}}]"}}, {"model": "admin.logentry", "pk": 39, "fields": {"action_time": "2026-04-20T08:21:47.824Z", "user": 1, "content_type": 3, "object_id": "1", "object_repr": "DAARUL BAYAAN ISLAMIC SCHOOL", "action_flag": 2, "change_message": "[]"}}, {"model": "admin.logentry", "pk": 40, "fields": {"action_time": "2026-04-20T08:22:43.770Z", "user": 1, "content_type": 4, "object_id": "5", "object_repr": "SODIQ", "action_flag": 2, "change_message": "[{\"changed\": {\"fields\": [\"Staff status\", \"Superuser status\", \"User permissions\", \"Last login\"]}}]"}}, {"model": "admin.logentry", "pk": 41, "fields": {"action_time": "2026-04-20T08:22:44.904Z", "user": 1, "content_type": 4, "object_id": "5", "object_repr": "SODIQ", "action_flag": 2, "change_message": "[]"}}, {"model": "admin.logentry", "pk": 42, "fields": {"action_time": "2026-04-20T08:22:58.783Z", "user": 1, "content_type": 3, "object_id": "4", "object_repr": "Staff", "action_flag": 2, "change_message": "[{\"changed\": {\"fields\": [\"Permissions\"]}}]"}}, {"model": "admin.logentry", "pk": 43, "fields": {"action_time": "2026-04-21T05:36:38.064Z", "user": 5, "content_type": 7, "object_id": "1", "object_repr": "Django", "action_flag": 2, "change_message": "[]"}}, {"model": "admin.logentry", "pk": 44, "fields": {"action_time": "2026-04-21T05:36:43.139Z", "user": 5, "content_type": 7, "object_id": "2", "object_repr": "DAARUL BAYAAN ISLAMIC SCHOOL", "action_flag": 2, "change_message": "[{\"changed\": {\"fields\": [\"Active\"]}}]"}}, {"model": "admin.logentry", "pk": 45, "fields": {"action_time": "2026-04-21T05:36:43.144Z", "user": 5, "content_type": 7, "object_id": "1", "object_repr": "Django", "action_flag": 2, "change_message": "[{\"changed\": {\"fields\": [\"Active\"]}}]"}}, {"model": "admin.logentry", "pk": 46, "fields": {"action_time": "2026-04-21T07:18:49.113Z", "user": 5, "content_type": 29, "object_id": "1", "object_repr": "mine", "action_flag": 1, "change_message": "[{\"added\": {}}]"}}, {"model": "admin.logentry", "pk": 47, "fields": {"action_time": "2026-04-21T10:40:00.973Z", "user": 5, "content_type": 8, "object_id": "1", "object_repr": "Daarul Bayaan Islamic School", "action_flag": 2, "change_message": "[{\"changed\": {\"fields\": [\"Homepage video description\"]}}]"}}, {"model": "admin.logentry", "pk": 48, "fields": {"action_time": "2026-04-21T11:43:17.894Z", "user": 5, "content_type": 8, "object_id": "1", "object_repr": "Daarul Bayaan Islamic School", "action_flag": 2, "change_message": "[{\"changed\": {\"fields\": [\"Homepage video\"]}}]"}}, {"model": "admin.logentry", "pk": 49, "fields": {"action_time": "2026-04-21T18:49:44.829Z", "user": 5, "content_type": 8, "object_id": "1", "object_repr": "Daarul Bayaan Islamic School", "action_flag": 2, "change_message": "[{\"changed\": {\"fields\": [\"Homepage video\"]}}, {\"changed\": {\"name\": \"gallery image\", \"object\": \"Gallery Image - 2026-04-19\", \"fields\": [\"Image\"]}}]"}}, {"model": "admin.logentry", "pk": 50, "fields": {"action_time": "2026-04-21T19:25:08.946Z", "user": 5, "content_type": 8, "object_id": "1", "object_repr": "Daarul Bayaan Islamic School", "action_flag": 2, "change_message": "[{\"deleted\": {\"name\": \"gallery image\", \"object\": \"Gallery Image - 2026-04-21\"}}, {\"deleted\": {\"name\": \"gallery image\", \"object\": \"Gallery Image - 2026-04-21\"}}, {\"deleted\": {\"name\": \"gallery image\", \"object\": \"Gallery Image - 2026-04-19\"}}]"}}, {"model": "admin.logentry", "pk": 51, "fields": {"action_time": "2026-04-21T19:26:55.200Z", "user": 5, "content_type": 8, "object_id": "1", "object_repr": "Daarul Bayaan Islamic School", "action_flag": 2, "change_message": "[{\"changed\": {\"name\": \"gallery image\", \"object\": \"Gallery Image - 2026-04-21\", \"fields\": [\"Order\"]}}]"}}, {"model": "admin.logentry", "pk": 52, "fields": {"action_time": "2026-04-21T19:27:48.212Z", "user": 5, "content_type": 8, "object_id": "1", "object_repr": "Daarul Bayaan Islamic School", "action_flag": 2, "change_message": "[]"}}, {"model": "admin.logentry", "pk": 53, "fields": {"action_time": "2026-04-21T19:28:57.258Z", "user": 5, "content_type": 8, "object_id": "1", "object_repr": "Daarul Bayaan Islamic School", "action_flag": 2, "change_message": "[]"}}, {"model": "admin.logentry", "pk": 54, "fields": {"action_time": "2026-04-21T19:29:19.193Z", "user": 5, "content_type": 8, "object_id": "1", "object_repr": "Daarul Bayaan Islamic School", "action_flag": 2, "change_message": "[]"}}, {"model": "admin.logentry", "pk": 55, "fields": {"action_time": "2026-04-21T19:29:55.109Z", "user": 5, "content_type": 8, "object_id": "1", "object_repr": "Daarul Bayaan Islamic School", "action_flag": 2, "change_message": "[{\"added\": {\"name\": \"gallery image\", \"object\": \"Gallery Image - 2026-04-21\"}}, {\"added\": {\"name\": \"gallery image\", \"object\": \"Gallery Image - 2026-04-21\"}}, {\"added\": {\"name\": \"gallery image\", \"object\": \"Gallery Image - 2026-04-21\"}}, {\"changed\": {\"name\": \"gallery image\", \"object\": \"Gallery Image - 2026-04-21\", \"fields\": [\"Order\"]}}]"}}, {"model": "admin.logentry", "pk": 56, "fields": {"action_time": "2026-04-22T05:42:51.581Z", "user": 4, "content_type": 7, "object_id": "2", "object_repr": "DAARUL BAYAAN ISLAMIC SCHOOL", "action_flag": 2, "change_message": "[{\"changed\": {\"fields\": [\"Active\"]}}]"}}, {"model": "admin.logentry", "pk": 57, "fields": {"action_time": "2026-04-22T05:42:51.587Z", "user": 4, "content_type": 7, "object_id": "1", "object_repr": "Django", "action_flag": 2, "change_message": "[{\"changed\": {\"fields\": [\"Active\"]}}]"}}, {"model": "admin.logentry", "pk": 58, "fields": {"action_time": "2026-04-22T06:24:01.379Z", "user": 4, "content_type": 13, "object_id": "2", "object_repr": "Sodiq Afolabi — Afolabi (accepted)", "action_flag": 2, "change_message": "[{\"changed\": {\"fields\": [\"Status\", \"Reviewer notes\"]}}]"}}, {"model": "admin.logentry", "pk": 59, "fields": {"action_time": "2026-04-22T06:24:49.420Z", "user": 4, "content_type": 13, "object_id": "1", "object_repr": "MUWAFFAQOH BAMIGBOLA — MR/MRS BAMIGBOLA (accepted)", "action_flag": 2, "change_message": "[{\"changed\": {\"fields\": [\"Reviewer notes\"]}}]"}}, {"model": "admin.logentry", "pk": 60, "fields": {"action_time": "2026-04-22T12:42:31.286Z", "user": 5, "content_type": 42, "object_id": "1", "object_repr": "HAFSOH UNIQUE (003) - NURSERY2 - MATH - Mathematics", "action_flag": 1, "change_message": "[{\"added\": {}}]"}}, {"model": "admin.logentry", "pk": 61, "fields": {"action_time": "2026-04-22T12:47:05.281Z", "user": 5, "content_type": 34, "object_id": "1", "object_repr": "NURSERY2 - First Term (2023/2024) Template", "action_flag": 1, "change_message": "[{\"added\": {}}]"}}, {"model": "admin.logentry", "pk": 62, "fields": {"action_time": "2026-04-22T13:04:48.183Z", "user": 5, "content_type": 40, "object_id": "1", "object_repr": "HAFSOH UNIQUE (003) - View Students: Granted", "action_flag": 1, "change_message": "[{\"added\": {}}]"}}, {"model": "admin.logentry", "pk": 63, "fields": {"action_time": "2026-04-22T13:06:46.131Z", "user": 5, "content_type": 3, "object_id": "1", "object_repr": "DAARUL BAYAAN ISLAMIC SCHOOL", "action_flag": 2, "change_message": "[{\"changed\": {\"fields\": [\"Permissions\"]}}]"}}, {"model": "admin.logentry", "pk": 64, "fields": {"action_time": "2026-04-22T13:06:58.420Z", "user": 5, "content_type": 3, "object_id": "4", "object_repr": "Staff", "action_flag": 2, "change_message": "[{\"changed\": {\"fields\": [\"Permissions\"]}}]"}}, {"model": "admin.logentry", "pk": 65, "fields": {"action_time": "2026-04-22T13:07:20.778Z", "user": 5, "content_type": 4, "object_id": "2", "object_repr": "PREP1", "action_flag": 2, "change_message": "[{\"changed\": {\"fields\": [\"User permissions\"]}}]"}}, {"model": "admin.logentry", "pk": 66, "fields": {"action_time": "2026-04-22T13:10:17.193Z", "user": 5, "content_type": 4, "object_id": "2", "object_repr": "PREP1", "action_flag": 2, "change_message": "[{\"changed\": {\"fields\": [\"Staff status\"]}}]"}}, {"model": "admin.logentry", "pk": 67, "fields": {"action_time": "2026-04-22T15:10:06.024Z", "user": 4, "content_type": 8, "object_id": "1", "object_repr": "Daarul Bayaan Islamic School", "action_flag": 2, "change_message": "[{\"changed\": {\"fields\": [\"Homepage video\"]}}]"}}, {"model": "admin.logentry", "pk": 68, "fields": {"action_time": "2026-04-22T15:46:08.791Z", "user": 5, "content_type": 8, "object_id": "1", "object_repr": "Daarul Bayaan Islamic School", "action_flag": 2, "change_message": "[{\"changed\": {\"fields\": [\"Homepage video description\", \"Homepage video url\"]}}]"}}, {"model": "admin.logentry", "pk": 69, "fields": {"action_time": "2026-04-22T20:23:49.173Z", "user": 5, "content_type": 47, "object_id": "1", "object_repr": "mine", "action_flag": 1, "change_message": "[{\"added\": {}}]"}}, {"model": "admin.logentry", "pk": 70, "fields": {"action_time": "2026-04-22T20:29:31.419Z", "user": 5, "content_type": 47, "object_id": "1", "object_repr": "mine", "action_flag": 2, "change_message": "[{\"changed\": {\"fields\": [\"Page type\"]}}]"}}, {"model": "admin.logentry", "pk": 71, "fields": {"action_time": "2026-04-22T21:42:13.062Z", "user": 5, "content_type": 48, "object_id": "1", "object_repr": "mine - ADMISSION INSTRUCTION", "action_flag": 1, "change_message": "[{\"added\": {}}]"}}, {"model": "admin.logentry", "pk": 72, "fields": {"action_time": "2026-04-22T21:42:16.053Z", "user": 5, "content_type": 48, "object_id": "2", "object_repr": "mine - ADMISSION INSTRUCTION", "action_flag": 1, "change_message": "[{\"added\": {}}]"}}, {"model": "admin.logentry", "pk": 73, "fields": {"action_time": "2026-04-22T21:44:40.473Z", "user": 5, "content_type": 47, "object_id": "1", "object_repr": "announcements/1/", "action_flag": 2, "change_message": "[{\"changed\": {\"fields\": [\"Title\"]}}]"}}, {"model": "admin.logentry", "pk": 74, "fields": {"action_time": "2026-04-22T22:33:36.957Z", "user": 5, "content_type": 47, "object_id": "1", "object_repr": "announcements/1/", "action_flag": 2, "change_message": "[]"}}, {"model": "admin.logentry", "pk": 75, "fields": {"action_time": "2026-04-22T22:33:56.924Z", "user": 5, "content_type": 48, "object_id": "2", "object_repr": "announcements/1/ - ADMISSION INSTRUCTION", "action_flag": 2, "change_message": "[]"}}, {"model": "admin.logentry", "pk": 76, "fields": {"action_time": "2026-04-22T23:08:32.719Z", "user": 5, "content_type": 47, "object_id": "1", "object_repr": "announcements/1/", "action_flag": 3, "change_message": ""}}, {"model": "admin.logentry", "pk": 77, "fields": {"action_time": "2026-04-22T23:21:33.045Z", "user": 5, "content_type": 47, "object_id": "2", "object_repr": "annoucement/1", "action_flag": 1, "change_message": "[{\"added\": {}}, {\"added\": {\"name\": \"Page Content\", \"object\": \"annoucement/1 - Hello\"}}]"}}, {"model": "admin.logentry", "pk": 78, "fields": {"action_time": "2026-04-22T23:25:15.223Z", "user": 5, "content_type": 47, "object_id": "2", "object_repr": "annoucement/1", "action_flag": 2, "change_message": "[]"}}, {"model": "admin.logentry", "pk": 79, "fields": {"action_time": "2026-04-22T23:26:39.274Z", "user": 5, "content_type": 48, "object_id": "3", "object_repr": "annoucement/1 - Hello", "action_flag": 2, "change_message": "[{\"changed\": {\"fields\": [\"Body\"]}}]"}}, {"model": "admin.logentry", "pk": 80, "fields": {"action_time": "2026-04-22T23:35:29.780Z", "user": 5, "content_type": 47, "object_id": "2", "object_repr": "hello", "action_flag": 2, "change_message": "[{\"changed\": {\"fields\": [\"Title\"]}}]"}}, {"model": "admin.logentry", "pk": 81, "fields": {"action_time": "2026-04-22T23:39:26.515Z", "user": 5, "content_type": 47, "object_id": "2", "object_repr": "hello", "action_flag": 2, "change_message": "[{\"changed\": {\"fields\": [\"Page type\"]}}]"}}, {"model": "admin.logentry", "pk": 82, "fields": {"action_time": "2026-04-22T23:40:09.854Z", "user": 5, "content_type": 47, "object_id": "2", "object_repr": "hello", "action_flag": 2, "change_message": "[{\"changed\": {\"fields\": [\"Page type\"]}}]"}}, {"model": "admin.logentry", "pk": 83, "fields": {"action_time": "2026-04-22T23:49:04.559Z", "user": 5, "content_type": 47, "object_id": "2", "object_repr": "hello", "action_flag": 2, "change_message": "[{\"changed\": {\"fields\": [\"Show on homepage\"]}}]"}}, {"model": "admin.logentry", "pk": 84, "fields": {"action_time": "2026-04-22T23:50:02.367Z", "user": 5, "content_type": 47, "object_id": "2", "object_repr": "hello", "action_flag": 2, "change_message": "[{\"changed\": {\"fields\": [\"Show on homepage\"]}}]"}}, {"model": "admin.logentry", "pk": 85, "fields": {"action_time": "2026-04-23T00:29:47.176Z", "user": 5, "content_type": 47, "object_id": "2", "object_repr": "hello", "action_flag": 2, "change_message": "[{\"changed\": {\"fields\": [\"Url prefix\"]}}]"}}, {"model": "admin.logentry", "pk": 86, "fields": {"action_time": "2026-04-23T00:32:00.070Z", "user": 5, "content_type": 47, "object_id": "2", "object_repr": "hello", "action_flag": 2, "change_message": "[]"}}, {"model": "admin.logentry", "pk": 87, "fields": {"action_time": "2026-04-23T00:35:11.352Z", "user": 5, "content_type": 47, "object_id": "2", "object_repr": "hello", "action_flag": 2, "change_message": "[]"}}, {"model": "admin.logentry", "pk": 88, "fields": {"action_time": "2026-04-23T00:37:06.125Z", "user": 5, "content_type": 47, "object_id": "2", "object_repr": "hello", "action_flag": 2, "change_message": "[]"}}, {"model": "admin.logentry", "pk": 89, "fields": {"action_time": "2026-04-23T00:41:03.757Z", "user": 5, "content_type": 47, "object_id": "2", "object_repr": "hello", "action_flag": 2, "change_message": "[{\"changed\": {\"fields\": [\"Url prefix\"]}}]"}}, {"model": "admin.logentry", "pk": 90, "fields": {"action_time": "2026-04-23T00:46:09.449Z", "user": 5, "content_type": 47, "object_id": "2", "object_repr": "hello", "action_flag": 3, "change_message": ""}}, {"model": "admin.logentry", "pk": 91, "fields": {"action_time": "2026-04-23T00:48:03.781Z", "user": 5, "content_type": 47, "object_id": "3", "object_repr": "hello", "action_flag": 1, "change_message": "[{\"added\": {}}, {\"added\": {\"name\": \"Page Content\", \"object\": \"hello - Hello\"}}]"}}, {"model": "admin.logentry", "pk": 92, "fields": {"action_time": "2026-04-23T00:52:12.780Z", "user": 5, "content_type": 47, "object_id": "3", "object_repr": "hello", "action_flag": 2, "change_message": "[{\"changed\": {\"fields\": [\"Url prefix\"]}}]"}}, {"model": "admin.logentry", "pk": 93, "fields": {"action_time": "2026-04-23T00:52:13.117Z", "user": 5, "content_type": 47, "object_id": "3", "object_repr": "hello", "action_flag": 2, "change_message": "[]"}}, {"model": "admin.logentry", "pk": 94, "fields": {"action_time": "2026-04-23T00:52:29.423Z", "user": 5, "content_type": 47, "object_id": "3", "object_repr": "hello", "action_flag": 2, "change_message": "[{\"changed\": {\"name\": \"Page Content\", \"object\": \"hello - Hello\", \"fields\": [\"Order\"]}}]"}}, {"model": "admin.logentry", "pk": 95, "fields": {"action_time": "2026-04-23T01:02:24.174Z", "user": 5, "content_type": 47, "object_id": "3", "object_repr": "hello", "action_flag": 2, "change_message": "[{\"changed\": {\"fields\": [\"Url prefix\"]}}]"}}, {"model": "admin.logentry", "pk": 96, "fields": {"action_time": "2026-04-23T01:42:36.235Z", "user": 5, "content_type": 47, "object_id": "3", "object_repr": "hello", "action_flag": 2, "change_message": "[{\"changed\": {\"fields\": [\"Url prefix\"]}}]"}}, {"model": "admin.logentry", "pk": 97, "fields": {"action_time": "2026-04-23T02:22:54.523Z", "user": 5, "content_type": 47, "object_id": "3", "object_repr": "hello", "action_flag": 2, "change_message": "[]"}}, {"model": "admin.logentry", "pk": 98, "fields": {"action_time": "2026-04-23T02:24:39.569Z", "user": 5, "content_type": 48, "object_id": "4", "object_repr": "hello - Hello", "action_flag": 2, "change_message": "[{\"changed\": {\"fields\": [\"Body\"]}}]"}}, {"model": "admin.logentry", "pk": 99, "fields": {"action_time": "2026-04-23T02:43:55.916Z", "user": 5, "content_type": 47, "object_id": "3", "object_repr": "hello", "action_flag": 2, "change_message": "[{\"changed\": {\"fields\": [\"Show in navigation\"]}}]"}}, {"model": "admin.logentry", "pk": 100, "fields": {"action_time": "2026-04-23T02:48:06.592Z", "user": 5, "content_type": 47, "object_id": "3", "object_repr": "hello", "action_flag": 2, "change_message": "[{\"changed\": {\"name\": \"Page Content\", \"object\": \"hello - Hello\", \"fields\": [\"Order\"]}}]"}}, {"model": "admin.logentry", "pk": 101, "fields": {"action_time": "2026-04-23T15:22:02.267Z", "user": 5, "content_type": 47, "object_id": "3", "object_repr": "hello", "action_flag": 2, "change_message": "[]"}}, {"model": "admin.logentry", "pk": 102, "fields": {"action_time": "2026-04-23T15:24:48.566Z", "user": 5, "content_type": 47, "object_id": "3", "object_repr": "hello", "action_flag": 2, "change_message": "[{\"changed\": {\"fields\": [\"Url prefix\"]}}]"}}, {"model": "admin.logentry", "pk": 103, "fields": {"action_time": "2026-04-23T15:51:28.383Z", "user": 5, "content_type": 47, "object_id": "3", "object_repr": "hello", "action_flag": 2, "change_message": "[{\"changed\": {\"fields\": [\"Show in navigation\"]}}]"}}, {"model": "admin.logentry", "pk": 104, "fields": {"action_time": "2026-04-23T15:53:18.087Z", "user": 5, "content_type": 47, "object_id": "3", "object_repr": "hello", "action_flag": 2, "change_message": "[{\"changed\": {\"fields\": [\"Show in navigation\"]}}]"}}, {"model": "admin.logentry", "pk": 105, "fields": {"action_time": "2026-04-23T16:32:54.375Z", "user": 5, "content_type": 47, "object_id": "3", "object_repr": "hello", "action_flag": 2, "change_message": "[]"}}, {"model": "admin.logentry", "pk": 106, "fields": {"action_time": "2026-04-23T20:06:30.350Z", "user": 5, "content_type": 9, "object_id": "1", "object_repr": "CONTACT PAGE", "action_flag": 1, "change_message": "[{\"added\": {}}]"}}, {"model": "admin.logentry", "pk": 107, "fields": {"action_time": "2026-04-23T20:08:20.222Z", "user": 5, "content_type": 9, "object_id": "1", "object_repr": "CONTACT PAGE", "action_flag": 2, "change_message": "[{\"changed\": {\"fields\": [\"Url pattern\"]}}]"}}, {"model": "admin.logentry", "pk": 108, "fields": {"action_time": "2026-04-23T22:32:27.673Z", "user": 5, "content_type": 9, "object_id": "1", "object_repr": "CONTACT PAGE", "action_flag": 2, "change_message": "[]"}}, {"model": "admin.logentry", "pk": 109, "fields": {"action_time": "2026-04-23T22:36:16.453Z", "user": 5, "content_type": 47, "object_id": "3", "object_repr": "hello", "action_flag": 2, "change_message": "[{\"changed\": {\"fields\": [\"Url prefix\"]}}]"}}, {"model": "admin.logentry", "pk": 110, "fields": {"action_time": "2026-04-23T22:44:01.015Z", "user": 5, "content_type": 40, "object_id": "1", "object_repr": "HAFSOH UNIQUE (003) - View Students: Granted", "action_flag": 2, "change_message": "[]"}}, {"model": "admin.logentry", "pk": 111, "fields": {"action_time": "2026-04-23T22:45:36.112Z", "user": 5, "content_type": 40, "object_id": "1", "object_repr": "HAFSOH UNIQUE (003) - View Students: Granted", "action_flag": 2, "change_message": "[]"}}, {"model": "admin.logentry", "pk": 112, "fields": {"action_time": "2026-04-23T22:46:14.521Z", "user": 5, "content_type": 40, "object_id": "2", "object_repr": "HAFSOH UNIQUE (003) - Contact Guardians: Granted", "action_flag": 1, "change_message": "[{\"added\": {}}]"}}, {"model": "admin.logentry", "pk": 113, "fields": {"action_time": "2026-04-23T22:46:43.084Z", "user": 5, "content_type": 40, "object_id": "3", "object_repr": "HAFSOH UNIQUE (003) - Edit Scheme of Work: Granted", "action_flag": 1, "change_message": "[{\"added\": {}}]"}}, {"model": "admin.logentry", "pk": 114, "fields": {"action_time": "2026-04-23T22:47:33.838Z", "user": 5, "content_type": 40, "object_id": "4", "object_repr": "HAFSOH UNIQUE (003) - View Own Payroll: Granted", "action_flag": 1, "change_message": "[{\"added\": {}}]"}}, {"model": "admin.logentry", "pk": 115, "fields": {"action_time": "2026-04-24T10:56:20.230Z", "user": 5, "content_type": 45, "object_id": "4", "object_repr": "Anonymous Message", "action_flag": 2, "change_message": "[{\"changed\": {\"fields\": [\"Message\"]}}]"}}, {"model": "admin.logentry", "pk": 116, "fields": {"action_time": "2026-04-24T11:05:14.407Z", "user": 5, "content_type": 45, "object_id": "4", "object_repr": "Anonymous Message", "action_flag": 2, "change_message": "[{\"changed\": {\"fields\": [\"Message\"]}}]"}}, {"model": "admin.logentry", "pk": 117, "fields": {"action_time": "2026-04-24T11:29:27.452Z", "user": 5, "content_type": 45, "object_id": "4", "object_repr": "Anonymous Message", "action_flag": 2, "change_message": "[{\"changed\": {\"fields\": [\"Message\"]}}]"}}, {"model": "admin.logentry", "pk": 118, "fields": {"action_time": "2026-04-24T20:10:14.060Z", "user": 5, "content_type": 12, "object_id": "1", "object_repr": "25/26DB001 - BAMIGBOLA MUWAFFAQOH DOLAPO", "action_flag": 2, "change_message": "[{\"changed\": {\"fields\": [\"User\"]}}]"}}, {"model": "admin.logentry", "pk": 119, "fields": {"action_time": "2026-04-24T20:21:29.069Z", "user": 5, "content_type": 4, "object_id": "2", "object_repr": "PREP1", "action_flag": 2, "change_message": "[{\"changed\": {\"fields\": [\"User permissions\"]}}]"}}, {"model": "admin.logentry", "pk": 120, "fields": {"action_time": "2026-04-25T03:22:12.056Z", "user": 5, "content_type": 4, "object_id": "5", "object_repr": "SODIQ", "action_flag": 2, "change_message": "[{\"changed\": {\"fields\": [\"Groups\", \"User permissions\"]}}]"}}, {"model": "admin.logentry", "pk": 121, "fields": {"action_time": "2026-04-25T03:29:44.400Z", "user": 5, "content_type": 36, "object_id": "1", "object_repr": "25/26DB001 - BAMIGBOLA MUWAFFAQOH DOLAPO - Second Term (2023/2024) Term Result", "action_flag": 1, "change_message": "[{\"added\": {}}]"}}, {"model": "admin.logentry", "pk": 122, "fields": {"action_time": "2026-04-25T03:31:07.400Z", "user": 5, "content_type": 32, "object_id": "1", "object_repr": "NURSERY2 - MATH - Mathematics", "action_flag": 1, "change_message": "[{\"added\": {}}]"}}, {"model": "admin.logentry", "pk": 123, "fields": {"action_time": "2026-04-25T03:31:24.163Z", "user": 5, "content_type": 32, "object_id": "2", "object_repr": "NURSERY2 - COM - Computer Studies", "action_flag": 1, "change_message": "[{\"added\": {}}]"}}, {"model": "admin.logentry", "pk": 124, "fields": {"action_time": "2026-04-25T03:32:15.073Z", "user": 5, "content_type": 35, "object_id": "1", "object_repr": "25/26DB001 - BAMIGBOLA MUWAFFAQOH DOLAPO - COM - Computer Studies (Second Term (2023/2024))", "action_flag": 1, "change_message": "[{\"added\": {}}]"}}, {"model": "admin.logentry", "pk": 125, "fields": {"action_time": "2026-04-25T03:34:36.311Z", "user": 5, "content_type": 39, "object_id": "1", "object_repr": "Scheme - HAFSOH UNIQUE (003) (Second Term (2023/2024))", "action_flag": 1, "change_message": "[{\"added\": {}}]"}}, {"model": "admin.logentry", "pk": 126, "fields": {"action_time": "2026-04-25T03:37:30.792Z", "user": 5, "content_type": 37, "object_id": "1", "object_repr": "NURSERY2 - 2026-04-25 (0/1)", "action_flag": 1, "change_message": "[{\"added\": {}}]"}}, {"model": "admin.logentry", "pk": 127, "fields": {"action_time": "2026-04-25T22:29:12.843Z", "user": 5, "content_type": 38, "object_id": "2", "object_repr": "SODIQ UNIQUE (001)", "action_flag": 1, "change_message": "[{\"added\": {}}]"}}, {"model": "admin.logentry", "pk": 128, "fields": {"action_time": "2026-04-25T22:32:45.634Z", "user": 5, "content_type": 42, "object_id": "2", "object_repr": "SODIQ UNIQUE (001) - NURSERY2 - ENG - English Language", "action_flag": 1, "change_message": "[{\"added\": {}}]"}}, {"model": "admin.logentry", "pk": 129, "fields": {"action_time": "2026-04-26T10:32:29.578Z", "user": 5, "content_type": 34, "object_id": "2", "object_repr": "NURSERY2 - Second Term (2023/2024) Template", "action_flag": 1, "change_message": "[{\"added\": {}}]"}}, {"model": "admin.logentry", "pk": 130, "fields": {"action_time": "2026-04-26T11:30:44.644Z", "user": 5, "content_type": 23, "object_id": "1", "object_repr": "SCHOOL FEE (2000)", "action_flag": 1, "change_message": "[{\"added\": {}}]"}}, {"model": "admin.logentry", "pk": 131, "fields": {"action_time": "2026-04-26T11:31:28.248Z", "user": 5, "content_type": 25, "object_id": "1", "object_repr": "Invoice 1 - <bound method Student.full_name of <Student: 25/26DB001 - BAMIGBOLA MUWAFFAQOH DOLAPO>>", "action_flag": 1, "change_message": "[{\"added\": {}}]"}}, {"model": "admin.logentry", "pk": 132, "fields": {"action_time": "2026-04-26T12:14:50.826Z", "user": 5, "content_type": 42, "object_id": "2", "object_repr": "SODIQ UNIQUE (001) - NURSERY2 - ENG - English Language", "action_flag": 2, "change_message": "[]"}}, {"model": "admin.logentry", "pk": 133, "fields": {"action_time": "2026-04-26T12:15:13.397Z", "user": 5, "content_type": 32, "object_id": "2", "object_repr": "NURSERY2 - COM - Computer Studies", "action_flag": 2, "change_message": "[]"}}, {"model": "admin.logentry", "pk": 134, "fields": {"action_time": "2026-04-26T12:15:28.081Z", "user": 5, "content_type": 32, "object_id": "3", "object_repr": "NURSERY2 - ENG - English Language", "action_flag": 1, "change_message": "[{\"added\": {}}]"}}, {"model": "admin.logentry", "pk": 135, "fields": {"action_time": "2026-04-26T12:15:47.080Z", "user": 5, "content_type": 32, "object_id": "2", "object_repr": "NURSERY2 - COM - Computer Studies", "action_flag": 2, "change_message": "[{\"changed\": {\"fields\": [\"Order\"]}}]"}}, {"model": "admin.logentry", "pk": 136, "fields": {"action_time": "2026-04-26T12:16:13.641Z", "user": 5, "content_type": 32, "object_id": "4", "object_repr": "NURSERY2 - HEC - Home Economics", "action_flag": 1, "change_message": "[{\"added\": {}}]"}}, {"model": "admin.logentry", "pk": 137, "fields": {"action_time": "2026-04-26T12:16:51.259Z", "user": 5, "content_type": 32, "object_id": "5", "object_repr": "NURSERY2 - ARB - Arabic Language", "action_flag": 1, "change_message": "[{\"added\": {}}]"}}, {"model": "admin.logentry", "pk": 138, "fields": {"action_time": "2026-04-28T10:48:13.690Z", "user": 5, "content_type": 8, "object_id": "1", "object_repr": "Daarul Bayaan Islamic School", "action_flag": 2, "change_message": "[{\"changed\": {\"fields\": [\"Admin email cc\"]}}]"}}, {"model": "admin.logentry", "pk": 139, "fields": {"action_time": "2026-04-28T11:56:32.527Z", "user": 5, "content_type": 11, "object_id": "6", "object_repr": "MYSELF profile", "action_flag": 3, "change_message": ""}}, {"model": "admin.logentry", "pk": 140, "fields": {"action_time": "2026-04-28T11:56:32.527Z", "user": 5, "content_type": 11, "object_id": "4", "object_repr": "UNIQUE profile", "action_flag": 3, "change_message": ""}}, {"model": "admin.logentry", "pk": 141, "fields": {"action_time": "2026-04-28T11:56:32.527Z", "user": 5, "content_type": 11, "object_id": "1", "object_repr": "admin profile", "action_flag": 3, "change_message": ""}}, {"model": "admin.logentry", "pk": 142, "fields": {"action_time": "2026-04-28T11:58:34.413Z", "user": 5, "content_type": 7, "object_id": "2", "object_repr": "DAARUL BAYAAN ISLAMIC SCHOOL", "action_flag": 2, "change_message": "[{\"changed\": {\"fields\": [\"Color\", \"Color\", \"Color\", \"Background selected color\"]}}]"}}, {"model": "admin.logentry", "pk": 143, "fields": {"action_time": "2026-04-28T12:00:23.873Z", "user": 5, "content_type": 37, "object_id": "1", "object_repr": "NURSERY2 - 2026-04-25 (0/1)", "action_flag": 3, "change_message": ""}}, {"model": "admin.logentry", "pk": 144, "fields": {"action_time": "2026-04-28T12:01:07.377Z", "user": 5, "content_type": 37, "object_id": "2", "object_repr": "NURSERY2 - 2026-04-28 (0/1)", "action_flag": 1, "change_message": "[{\"added\": {}}]"}}, {"model": "admin.logentry", "pk": 145, "fields": {"action_time": "2026-04-28T12:02:06.835Z", "user": 5, "content_type": 21, "object_id": "1", "object_repr": "25/26DB001 - BAMIGBOLA MUWAFFAQOH DOLAPO - 2026-04-28 - P", "action_flag": 1, "change_message": "[{\"added\": {}}]"}}, {"model": "admin.logentry", "pk": 146, "fields": {"action_time": "2026-04-28T12:03:37.767Z", "user": 5, "content_type": 45, "object_id": "6", "object_repr": "sodiq", "action_flag": 3, "change_message": ""}}, {"model": "admin.logentry", "pk": 147, "fields": {"action_time": "2026-04-28T12:03:37.767Z", "user": 5, "content_type": 45, "object_id": "5", "object_repr": "sodiq", "action_flag": 3, "change_message": ""}}, {"model": "admin.logentry", "pk": 148, "fields": {"action_time": "2026-04-28T12:03:37.767Z", "user": 5, "content_type": 45, "object_id": "4", "object_repr": "Anonymous Message", "action_flag": 3, "change_message": ""}}, {"model": "admin.logentry", "pk": 149, "fields": {"action_time": "2026-04-28T12:03:37.767Z", "user": 5, "content_type": 45, "object_id": "3", "object_repr": "Anonymous Message", "action_flag": 3, "change_message": ""}}, {"model": "admin.logentry", "pk": 150, "fields": {"action_time": "2026-04-28T12:03:37.767Z", "user": 5, "content_type": 45, "object_id": "2", "object_repr": "Afolabi Sodiq Abioye", "action_flag": 3, "change_message": ""}}, {"model": "admin.logentry", "pk": 151, "fields": {"action_time": "2026-04-28T12:03:37.767Z", "user": 5, "content_type": 45, "object_id": "1", "object_repr": "Anonymous Message", "action_flag": 3, "change_message": ""}}, {"model": "admin.logentry", "pk": 152, "fields": {"action_time": "2026-04-28T12:06:19.389Z", "user": 5, "content_type": 14, "object_id": "4", "object_repr": "ENGLISH - NURSERY2 (Second Term (2023/2024))", "action_flag": 1, "change_message": "[{\"added\": {}}]"}}, {"model": "admin.logentry", "pk": 153, "fields": {"action_time": "2026-04-28T12:09:00.218Z", "user": 5, "content_type": 31, "object_id": "3", "object_repr": "Third Term (2025/2026)", "action_flag": 2, "change_message": "[{\"changed\": {\"fields\": [\"Academic year\", \"Is active\"]}}]"}}, {"model": "admin.logentry", "pk": 154, "fields": {"action_time": "2026-04-28T12:09:16.257Z", "user": 5, "content_type": 31, "object_id": "1", "object_repr": "First Term (2023/2024)", "action_flag": 2, "change_message": "[{\"changed\": {\"fields\": [\"Is active\"]}}]"}}, {"model": "admin.logentry", "pk": 155, "fields": {"action_time": "2026-04-28T12:11:41.397Z", "user": 5, "content_type": 48, "object_id": "4", "object_repr": "hello - Hello", "action_flag": 2, "change_message": "[{\"changed\": {\"fields\": [\"Body\"]}}]"}}, {"model": "admin.logentry", "pk": 156, "fields": {"action_time": "2026-04-28T12:15:32.287Z", "user": 5, "content_type": 34, "object_id": "3", "object_repr": "NURSERY2 - Third Term (2025/2026) Template", "action_flag": 1, "change_message": "[{\"added\": {}}]"}}, {"model": "admin.logentry", "pk": 157, "fields": {"action_time": "2026-04-28T12:17:11.453Z", "user": 5, "content_type": 36, "object_id": "3", "object_repr": "25/26DB001 - BAMIGBOLA MUWAFFAQOH DOLAPO - Third Term (2025/2026) Term Result", "action_flag": 1, "change_message": "[{\"added\": {}}]"}}, {"model": "admin.logentry", "pk": 158, "fields": {"action_time": "2026-04-28T12:17:47.479Z", "user": 5, "content_type": 42, "object_id": "2", "object_repr": "SODIQ UNIQUE (001) - NURSERY2 - ENG - English Language", "action_flag": 3, "change_message": ""}}, {"model": "admin.logentry", "pk": 159, "fields": {"action_time": "2026-04-28T12:18:56.238Z", "user": 5, "content_type": 39, "object_id": "3", "object_repr": "scheme of work - SODIQ UNIQUE (001) (First Term (2023/2024))", "action_flag": 2, "change_message": "[{\"changed\": {\"fields\": [\"Is submitted\", \"Is approved\"]}}]"}}, {"model": "admin.logentry", "pk": 160, "fields": {"action_time": "2026-04-28T12:19:08.308Z", "user": 5, "content_type": 39, "object_id": "2", "object_repr": "scheme - HAFSOH UNIQUE (003) (First Term (2023/2024))", "action_flag": 2, "change_message": "[{\"changed\": {\"fields\": [\"Is submitted\", \"Is approved\"]}}]"}}, {"model": "admin.logentry", "pk": 161, "fields": {"action_time": "2026-04-28T12:20:07.387Z", "user": 5, "content_type": 38, "object_id": "2", "object_repr": "SODIQ UNIQUE (001)", "action_flag": 3, "change_message": ""}}, {"model": "admin.logentry", "pk": 162, "fields": {"action_time": "2026-04-28T12:21:34.940Z", "user": 5, "content_type": 8, "object_id": "1", "object_repr": "Daarul Bayaan Islamic School", "action_flag": 2, "change_message": "[]"}}, {"model": "admin.logentry", "pk": 163, "fields": {"action_time": "2026-04-28T12:23:23.137Z", "user": 5, "content_type": 52, "object_id": "1", "object_repr": "✓ 25/26DB001 - BAMIGBOLA MUWAFFAQOH DOLAPO - View Own Profile", "action_flag": 1, "change_message": "[{\"added\": {}}]"}}, {"model": "admin.logentry", "pk": 164, "fields": {"action_time": "2026-04-28T12:46:24.028Z", "user": 5, "content_type": 38, "object_id": "3", "object_repr": "SODIQ AFOLABI (004)", "action_flag": 2, "change_message": "[{\"changed\": {\"fields\": [\"Employee id\", \"Is approved\"]}}]"}}, {"model": "admin.logentry", "pk": 165, "fields": {"action_time": "2026-04-28T12:47:42.568Z", "user": 5, "content_type": 42, "object_id": "3", "object_repr": "SODIQ AFOLABI (004) - BASIC ONE - ENG - English Language", "action_flag": 1, "change_message": "[{\"added\": {}}]"}}, {"model": "admin.logentry", "pk": 166, "fields": {"action_time": "2026-04-28T12:52:19.400Z", "user": 5, "content_type": 11, "object_id": "7", "object_repr": "AFO profile", "action_flag": 2, "change_message": "[{\"changed\": {\"fields\": [\"Requested group\", \"Is approved\", \"Approved at\", \"Approved by\"]}}]"}}, {"model": "admin.logentry", "pk": 167, "fields": {"action_time": "2026-04-29T09:40:03.274Z", "user": 5, "content_type": 11, "object_id": "7", "object_repr": "AFO profile", "action_flag": 3, "change_message": ""}}, {"model": "admin.logentry", "pk": 168, "fields": {"action_time": "2026-04-29T09:40:03.274Z", "user": 5, "content_type": 11, "object_id": "3", "object_repr": "BAMIGBOLA001 profile", "action_flag": 3, "change_message": ""}}, {"model": "admin.logentry", "pk": 169, "fields": {"action_time": "2026-04-29T09:42:43.042Z", "user": 5, "content_type": 13, "object_id": "1", "object_repr": "MUWAFFAQOH BAMIGBOLA — MR/MRS BAMIGBOLA (accepted)", "action_flag": 3, "change_message": ""}}, {"model": "admin.logentry", "pk": 170, "fields": {"action_time": "2026-04-29T09:45:41.434Z", "user": 5, "content_type": 38, "object_id": "4", "object_repr": "Zakariyya Dhikroh Bolanle (002)", "action_flag": 2, "change_message": "[{\"changed\": {\"fields\": [\"Employee id\", \"Specialization\", \"Is approved\"]}}]"}}, {"model": "admin.logentry", "pk": 171, "fields": {"action_time": "2026-04-29T09:45:47.468Z", "user": 5, "content_type": 38, "object_id": "4", "object_repr": "Zakariyya Dhikroh Bolanle (002)", "action_flag": 2, "change_message": "[]"}}, {"model": "admin.logentry", "pk": 172, "fields": {"action_time": "2026-04-29T09:46:22.007Z", "user": 5, "content_type": 11, "object_id": "8", "object_repr": "Umm Muwaffaqoh profile", "action_flag": 2, "change_message": "[{\"changed\": {\"fields\": [\"Requested group\", \"Approved at\", \"Approved by\"]}}]"}}, {"model": "admin.logentry", "pk": 173, "fields": {"action_time": "2026-04-29T09:46:34.931Z", "user": 5, "content_type": 11, "object_id": "8", "object_repr": "Umm Muwaffaqoh profile", "action_flag": 2, "change_message": "[{\"changed\": {\"fields\": [\"Is approved\"]}}]"}}, {"model": "admin.logentry", "pk": 174, "fields": {"action_time": "2026-04-29T09:48:28.359Z", "user": 5, "content_type": 42, "object_id": "1", "object_repr": "HAFSOH UNIQUE (003) - PREP2 - MATH - Mathematics", "action_flag": 2, "change_message": "[{\"changed\": {\"fields\": [\"School class\"]}}]"}}, {"model": "admin.logentry", "pk": 175, "fields": {"action_time": "2026-04-29T09:49:07.229Z", "user": 5, "content_type": 42, "object_id": "4", "object_repr": "HAFSOH UNIQUE (003) - CRECHE - BSC - Basic Science", "action_flag": 1, "change_message": "[{\"added\": {}}]"}}, {"model": "admin.logentry", "pk": 176, "fields": {"action_time": "2026-04-29T09:49:31.843Z", "user": 5, "content_type": 42, "object_id": "5", "object_repr": "Zakariyya Dhikroh Bolanle (002) - NURSERY2 - ARB - Arabic Language", "action_flag": 1, "change_message": "[{\"added\": {}}]"}}, {"model": "admin.logentry", "pk": 177, "fields": {"action_time": "2026-04-29T09:50:00.864Z", "user": 5, "content_type": 13, "object_id": "2", "object_repr": "Sodiq Afolabi — Afolabi (accepted)", "action_flag": 3, "change_message": ""}}, {"model": "admin.logentry", "pk": 178, "fields": {"action_time": "2026-04-29T10:34:02.639Z", "user": 5, "content_type": 12, "object_id": "1", "object_repr": "777 - BAMIGBOLA MUWAFFAQOH DOLAPO", "action_flag": 2, "change_message": "[{\"changed\": {\"fields\": [\"Admission no\"]}}]"}}, {"model": "admin.logentry", "pk": 179, "fields": {"action_time": "2026-04-29T10:34:33.044Z", "user": 5, "content_type": 12, "object_id": "1", "object_repr": "777 - BAMIGBOLA MUWAFFAQOH DOLAPO", "action_flag": 2, "change_message": "[{\"changed\": {\"fields\": [\"User\"]}}]"}}, {"model": "admin.logentry", "pk": 180, "fields": {"action_time": "2026-04-29T10:35:36.729Z", "user": 5, "content_type": 13, "object_id": "5", "object_repr": "BAMIGBOLA SOLIHA — Mr& Mrs Bamigbola (pending)", "action_flag": 2, "change_message": "[{\"changed\": {\"fields\": [\"First name\", \"Last name\", \"Other names\"]}}]"}}, {"model": "admin.logentry", "pk": 181, "fields": {"action_time": "2026-04-29T10:36:55.415Z", "user": 5, "content_type": 13, "object_id": "5", "object_repr": "BAMIGBOLA SOLIHA — Mr& Mrs Bamigbola (accepted)", "action_flag": 2, "change_message": "[{\"changed\": {\"fields\": [\"Admission number requested\", \"Status\"]}}]"}}, {"model": "admin.logentry", "pk": 182, "fields": {"action_time": "2026-04-29T10:39:27.748Z", "user": 5, "content_type": 13, "object_id": "4", "object_repr": "BAMIGBOLA AISHA — BAMIGBOLA (accepted)", "action_flag": 2, "change_message": "[{\"changed\": {\"fields\": [\"Admission number requested\", \"First name\", \"Last name\", \"Other names\", \"Status\"]}}]"}}, {"model": "admin.logentry", "pk": 183, "fields": {"action_time": "2026-04-29T10:39:51.413Z", "user": 5, "content_type": 13, "object_id": "3", "object_repr": "MUWAFFAQOH BAMIGBOLA — BAMIGBOLA (accepted)", "action_flag": 2, "change_message": "[{\"changed\": {\"fields\": [\"Admission number requested\", \"Status\"]}}]"}}, {"model": "admin.logentry", "pk": 184, "fields": {"action_time": "2026-04-29T10:43:09.586Z", "user": 5, "content_type": 4, "object_id": "2", "object_repr": "PREP1", "action_flag": 2, "change_message": "[{\"changed\": {\"fields\": [\"Last name\"]}}]"}}, {"model": "admin.logentry", "pk": 185, "fields": {"action_time": "2026-04-29T10:50:34.759Z", "user": 5, "content_type": 3, "object_id": "2", "object_repr": "Teacher", "action_flag": 2, "change_message": "[{\"changed\": {\"fields\": [\"Permissions\"]}}]"}}, {"model": "admin.logentry", "pk": 186, "fields": {"action_time": "2026-04-29T10:59:04.103Z", "user": 5, "content_type": 3, "object_id": "2", "object_repr": "Teacher", "action_flag": 2, "change_message": "[]"}}, {"model": "admin.logentry", "pk": 187, "fields": {"action_time": "2026-04-29T11:30:34.832Z", "user": 5, "content_type": 13, "object_id": "6", "object_repr": "ABDULQOYYUM EMIOLA — EMIOLA (accepted)", "action_flag": 2, "change_message": "[{\"changed\": {\"fields\": [\"Admission number requested\", \"Status\"]}}]"}}, {"model": "admin.logentry", "pk": 188, "fields": {"action_time": "2026-04-29T11:31:13.117Z", "user": 5, "content_type": 12, "object_id": "1", "object_repr": "777 - BAMIGBOLA MUWAFFAQOH DOLAPO", "action_flag": 2, "change_message": "[{\"changed\": {\"fields\": [\"Status\"]}}]"}}, {"model": "admin.logentry", "pk": 189, "fields": {"action_time": "2026-04-29T11:31:25.826Z", "user": 5, "content_type": 12, "object_id": "1", "object_repr": "777 - BAMIGBOLA MUWAFFAQOH DOLAPO", "action_flag": 2, "change_message": "[{\"changed\": {\"fields\": [\"Student class\"]}}]"}}, {"model": "admin.logentry", "pk": 190, "fields": {"action_time": "2026-04-29T11:33:18.507Z", "user": 5, "content_type": 11, "object_id": "9", "object_repr": "BAMIGBOLA001 profile", "action_flag": 1, "change_message": "[{\"added\": {}}]"}}, {"model": "admin.logentry", "pk": 191, "fields": {"action_time": "2026-04-29T11:37:39.272Z", "user": 5, "content_type": 12, "object_id": "5", "object_repr": "25/26DB001 - BAMIGBOLA MUWAFFAQOH DOLAPO", "action_flag": 2, "change_message": "[{\"changed\": {\"fields\": [\"User\"]}}]"}}, {"model": "admin.logentry", "pk": 192, "fields": {"action_time": "2026-04-29T11:41:41.290Z", "user": 5, "content_type": 23, "object_id": "1", "object_repr": "NURSERY SCHOOL FEE (30000)", "action_flag": 2, "change_message": "[{\"changed\": {\"fields\": [\"Name\", \"Amount\"]}}]"}}, {"model": "admin.logentry", "pk": 193, "fields": {"action_time": "2026-04-29T12:05:47.100Z", "user": 5, "content_type": 25, "object_id": "2", "object_repr": "Invoice 2 - <bound method Student.full_name of <Student: 777 - BAMIGBOLA MUWAFFAQOH DOLAPO>>", "action_flag": 1, "change_message": "[{\"added\": {}}]"}}, {"model": "admin.logentry", "pk": 194, "fields": {"action_time": "2026-04-29T12:06:20.966Z", "user": 5, "content_type": 25, "object_id": "2", "object_repr": "Invoice 2 - <bound method Student.full_name of <Student: 25/26DB001 - BAMIGBOLA MUWAFFAQOH DOLAPO>>", "action_flag": 2, "change_message": "[{\"changed\": {\"fields\": [\"Student\"]}}]"}}, {"model": "admin.logentry", "pk": 195, "fields": {"action_time": "2026-04-29T12:31:51.040Z", "user": 5, "content_type": 37, "object_id": "2", "object_repr": "NURSERY2 - 2026-04-28 (1/1)", "action_flag": 2, "change_message": "[{\"changed\": {\"fields\": [\"Teacher\", \"Present count\"]}}]"}}, {"model": "admin.logentry", "pk": 196, "fields": {"action_time": "2026-05-02T06:42:55.365Z", "user": 5, "content_type": 34, "object_id": "4", "object_repr": "CRECHE - Third Term (2025/2026) Template", "action_flag": 1, "change_message": "[{\"added\": {}}]"}}, {"model": "admin.logentry", "pk": 197, "fields": {"action_time": "2026-05-02T19:17:53.898Z", "user": 5, "content_type": 45, "object_id": "8", "object_repr": "Anonymous Message", "action_flag": 2, "change_message": "[{\"changed\": {\"fields\": [\"Message\"]}}]"}}, {"model": "admin.logentry", "pk": 198, "fields": {"action_time": "2026-05-02T19:21:35.763Z", "user": 5, "content_type": 45, "object_id": "8", "object_repr": "Anonymous Message", "action_flag": 2, "change_message": "[{\"changed\": {\"fields\": [\"Message\"]}}]"}}, {"model": "admin.logentry", "pk": 199, "fields": {"action_time": "2026-05-02T21:30:22.034Z", "user": 5, "content_type": 4, "object_id": "5", "object_repr": "SODIQ", "action_flag": 2, "change_message": "[{\"changed\": {\"fields\": [\"User permissions\"]}}]"}}, {"model": "admin.logentry", "pk": 200, "fields": {"action_time": "2026-05-02T22:41:36.601Z", "user": 5, "content_type": 4, "object_id": "5", "object_repr": "SODIQ", "action_flag": 2, "change_message": "[{\"changed\": {\"fields\": [\"Groups\"]}}]"}}, {"model": "admin.logentry", "pk": 201, "fields": {"action_time": "2026-05-02T22:44:20.929Z", "user": 5, "content_type": 4, "object_id": "5", "object_repr": "SODIQ", "action_flag": 2, "change_message": "[{\"changed\": {\"fields\": [\"Groups\"]}}]"}}, {"model": "admin.logentry", "pk": 202, "fields": {"action_time": "2026-05-02T23:27:44.041Z", "user": 5, "content_type": 8, "object_id": "1", "object_repr": "Daarul Bayaan Islamic School", "action_flag": 2, "change_message": "[{\"changed\": {\"fields\": [\"Homepage welcome text\"]}}]"}}, {"model": "admin.logentry", "pk": 203, "fields": {"action_time": "2026-05-08T11:04:48.730Z", "user": 5, "content_type": 47, "object_id": "4", "object_repr": "Admission", "action_flag": 1, "change_message": "[{\"added\": {}}]"}}, {"model": "admin.logentry", "pk": 204, "fields": {"action_time": "2026-05-08T11:05:56.866Z", "user": 5, "content_type": 48, "object_id": "5", "object_repr": "Admission - Admission", "action_flag": 1, "change_message": "[{\"added\": {}}]"}}, {"model": "admin.logentry", "pk": 205, "fields": {"action_time": "2026-05-12T18:11:18.112Z", "user": 5, "content_type": 3, "object_id": "2", "object_repr": "Teacher", "action_flag": 2, "change_message": "[{\"changed\": {\"fields\": [\"Permissions\"]}}]"}}, {"model": "admin.logentry", "pk": 206, "fields": {"action_time": "2026-05-12T20:09:21.591Z", "user": 5, "content_type": 34, "object_id": "5", "object_repr": "PREP2 - Third Term (2025/2026) Template", "action_flag": 1, "change_message": "[{\"added\": {}}]"}}, {"model": "admin.logentry", "pk": 207, "fields": {"action_time": "2026-05-12T22:58:37.470Z", "user": 5, "content_type": 8, "object_id": "1", "object_repr": "Daarul Bayaan Islamic School", "action_flag": 2, "change_message": "[{\"changed\": {\"fields\": [\"School address\", \"School phone\", \"School email\"]}}]"}}, {"model": "admin.logentry", "pk": 208, "fields": {"action_time": "2026-05-13T04:42:17.962Z", "user": 5, "content_type": 8, "object_id": "1", "object_repr": "Daarul Bayaan Islamic School", "action_flag": 2, "change_message": "[{\"changed\": {\"fields\": [\"Homepage welcome text\"]}}]"}}, {"model": "admin.logentry", "pk": 209, "fields": {"action_time": "2026-05-13T08:16:44.040Z", "user": 5, "content_type": 27, "object_id": "1", "object_repr": "2026-04-20 - recieved by director", "action_flag": 3, "change_message": ""}}, {"model": "admin.logentry", "pk": 210, "fields": {"action_time": "2026-05-13T08:18:17.731Z", "user": 5, "content_type": 25, "object_id": "2", "object_repr": "Invoice 2 - <bound method Student.full_name of <Student: 25/26DB001 - BAMIGBOLA MUWAFFAQOH DOLAPO>>", "action_flag": 3, "change_message": ""}}, {"model": "admin.logentry", "pk": 211, "fields": {"action_time": "2026-05-13T08:18:17.731Z", "user": 5, "content_type": 25, "object_id": "1", "object_repr": "Invoice 1 - <bound method Student.full_name of <Student: 777 - BAMIGBOLA MUWAFFAQOH DOLAPO>>", "action_flag": 3, "change_message": ""}}, {"model": "admin.logentry", "pk": 212, "fields": {"action_time": "2026-05-13T08:20:32.542Z", "user": 5, "content_type": 23, "object_id": "1", "object_repr": "PG SCHOOL FEE (25000)", "action_flag": 2, "change_message": "[{\"changed\": {\"fields\": [\"Name\", \"Amount\", \"Description\"]}}]"}}, {"model": "admin.logentry", "pk": 213, "fields": {"action_time": "2026-05-13T08:21:42.821Z", "user": 5, "content_type": 23, "object_id": "2", "object_repr": "NURSERY SCHOOL FEE (30000)", "action_flag": 1, "change_message": "[{\"added\": {}}]"}}, {"model": "admin.logentry", "pk": 214, "fields": {"action_time": "2026-05-13T08:23:34.044Z", "user": 5, "content_type": 23, "object_id": "3", "object_repr": "BASIC 1 TO 4 SCHOOL FEE (40000)", "action_flag": 1, "change_message": "[{\"added\": {}}]"}}, {"model": "admin.logentry", "pk": 215, "fields": {"action_time": "2026-05-13T08:24:24.118Z", "user": 5, "content_type": 23, "object_id": "4", "object_repr": "BASIC 5 SCHOOL FEE (45000)", "action_flag": 1, "change_message": "[{\"added\": {}}]"}}, {"model": "admin.logentry", "pk": 216, "fields": {"action_time": "2026-05-13T08:26:07.995Z", "user": 5, "content_type": 23, "object_id": "5", "object_repr": "UNIFORM, MONDAY (7000)", "action_flag": 1, "change_message": "[{\"added\": {}}]"}}, {"model": "admin.logentry", "pk": 217, "fields": {"action_time": "2026-05-13T08:27:02.486Z", "user": 5, "content_type": 23, "object_id": "6", "object_repr": "WEDNESDAY WEAR (6000)", "action_flag": 1, "change_message": "[{\"added\": {}}]"}}, {"model": "admin.logentry", "pk": 218, "fields": {"action_time": "2026-05-13T08:27:45.109Z", "user": 5, "content_type": 23, "object_id": "7", "object_repr": "THURSDAY WEAR (4000)", "action_flag": 1, "change_message": "[{\"added\": {}}]"}}, {"model": "admin.logentry", "pk": 219, "fields": {"action_time": "2026-05-13T08:28:38.762Z", "user": 5, "content_type": 23, "object_id": "8", "object_repr": "FRIDAY WEAR (6000)", "action_flag": 1, "change_message": "[{\"added\": {}}]"}}, {"model": "admin.logentry", "pk": 220, "fields": {"action_time": "2026-05-13T08:29:22.528Z", "user": 5, "content_type": 23, "object_id": "9", "object_repr": "HIJAB (1500)", "action_flag": 1, "change_message": "[{\"added\": {}}]"}}, {"model": "admin.logentry", "pk": 221, "fields": {"action_time": "2026-05-13T08:30:21.777Z", "user": 5, "content_type": 23, "object_id": "10", "object_repr": "NURSERY WRINTING (2000)", "action_flag": 1, "change_message": "[{\"added\": {}}]"}}, {"model": "admin.logentry", "pk": 222, "fields": {"action_time": "2026-05-13T08:31:06.982Z", "user": 5, "content_type": 23, "object_id": "11", "object_repr": "PG WRITING (1000)", "action_flag": 1, "change_message": "[{\"added\": {}}]"}}, {"model": "admin.logentry", "pk": 223, "fields": {"action_time": "2026-05-13T08:32:29.870Z", "user": 5, "content_type": 23, "object_id": "12", "object_repr": "TOILETRIES (1000)", "action_flag": 1, "change_message": "[{\"added\": {}}]"}}, {"model": "admin.logentry", "pk": 224, "fields": {"action_time": "2026-05-13T08:35:10.164Z", "user": 5, "content_type": 23, "object_id": "13", "object_repr": "SWEATER (6000)", "action_flag": 1, "change_message": "[{\"added\": {}}]"}}, {"model": "admin.logentry", "pk": 225, "fields": {"action_time": "2026-05-13T08:35:29.804Z", "user": 5, "content_type": 23, "object_id": "14", "object_repr": "REPORT CARD (1000)", "action_flag": 1, "change_message": "[{\"added\": {}}]"}}, {"model": "admin.logentry", "pk": 226, "fields": {"action_time": "2026-05-13T08:35:50.540Z", "user": 5, "content_type": 23, "object_id": "15", "object_repr": "EXAM FEE (2000)", "action_flag": 1, "change_message": "[{\"added\": {}}]"}}, {"model": "admin.logentry", "pk": 227, "fields": {"action_time": "2026-05-13T08:37:17.205Z", "user": 5, "content_type": 23, "object_id": "16", "object_repr": "AFTER-SCHOOL SERVICE (10000)", "action_flag": 1, "change_message": "[{\"added\": {}}]"}}, {"model": "admin.logentry", "pk": 228, "fields": {"action_time": "2026-05-13T09:00:49.149Z", "user": 5, "content_type": 11, "object_id": "10", "object_repr": "EMIOLA004 profile", "action_flag": 2, "change_message": "[{\"changed\": {\"fields\": [\"Is approved\", \"Approved at\", \"Approved by\"]}}]"}}, {"model": "admin.logentry", "pk": 229, "fields": {"action_time": "2026-05-13T09:01:17.245Z", "user": 5, "content_type": 12, "object_id": "6", "object_repr": "25/26DB004 - EMIOLA ABDULQOYYUM ATANDA", "action_flag": 2, "change_message": "[{\"changed\": {\"fields\": [\"User\"]}}]"}}, {"model": "admin.logentry", "pk": 230, "fields": {"action_time": "2026-05-13T09:48:38.818Z", "user": 5, "content_type": 27, "object_id": "2", "object_repr": "2026-06-06 - recieved by director", "action_flag": 3, "change_message": ""}}, {"model": "admin.logentry", "pk": 231, "fields": {"action_time": "2026-05-13T09:51:00.990Z", "user": 5, "content_type": 23, "object_id": "17", "object_repr": "OTHERS (0)", "action_flag": 1, "change_message": "[{\"added\": {}}]"}}, {"model": "admin.logentry", "pk": 232, "fields": {"action_time": "2026-05-21T22:18:09.977Z", "user": 5, "content_type": 4, "object_id": "9", "object_repr": "EMIOLA004", "action_flag": 2, "change_message": "[{\"changed\": {\"fields\": [\"Groups\"]}}]"}}, {"model": "admin.logentry", "pk": 233, "fields": {"action_time": "2026-05-21T22:19:23.889Z", "user": 5, "content_type": 4, "object_id": "9", "object_repr": "EMIOLA004", "action_flag": 2, "change_message": "[{\"changed\": {\"name\": \"profile\", \"object\": \"EMIOLA004 profile\", \"fields\": [\"Requested group\"]}}]"}}, {"model": "admin.logentry", "pk": 234, "fields": {"action_time": "2026-05-21T22:24:41.506Z", "user": 5, "content_type": 4, "object_id": "7", "object_repr": "AFO", "action_flag": 2, "change_message": "[{\"added\": {\"name\": \"profile\", \"object\": \"AFO profile\"}}]"}}, {"model": "admin.logentry", "pk": 235, "fields": {"action_time": "2026-05-22T01:06:43.364Z", "user": 5, "content_type": 3, "object_id": "2", "object_repr": "Teacher", "action_flag": 2, "change_message": "[{\"changed\": {\"fields\": [\"Permissions\"]}}]"}}, {"model": "admin.logentry", "pk": 236, "fields": {"action_time": "2026-06-15T05:42:29.966Z", "user": 5, "content_type": 55, "object_id": "4", "object_repr": "Attendance Settings (active=True)", "action_flag": 2, "change_message": "[{\"changed\": {\"fields\": [\"Normal clock in time\", \"Late after time\", \"Earliest clock out time\"]}}]"}}, {"model": "admin.logentry", "pk": 237, "fields": {"action_time": "2026-06-15T05:42:31.999Z", "user": 5, "content_type": 55, "object_id": "4", "object_repr": "Attendance Settings (active=True)", "action_flag": 2, "change_message": "[]"}}, {"model": "admin.logentry", "pk": 238, "fields": {"action_time": "2026-06-17T12:05:17.433Z", "user": 5, "content_type": 55, "object_id": "4", "object_repr": "Attendance Settings (active=True)", "action_flag": 2, "change_message": "[{\"changed\": {\"fields\": [\"School latitude\", \"School longitude\"]}}]"}}, {"model": "admin.logentry", "pk": 239, "fields": {"action_time": "2026-06-17T12:05:18.025Z", "user": 5, "content_type": 55, "object_id": "4", "object_repr": "Attendance Settings (active=True)", "action_flag": 2, "change_message": "[]"}}, {"model": "auth.permission", "pk": 1, "fields": {"name": "Can add log entry", "content_type": 1, "codename": "add_logentry"}}, {"model": "auth.permission", "pk": 2, "fields": {"name": "Can change log entry", "content_type": 1, "codename": "change_logentry"}}, {"model": "auth.permission", "pk": 3, "fields": {"name": "Can delete log entry", "content_type": 1, "codename": "delete_logentry"}}, {"model": "auth.permission", "pk": 4, "fields": {"name": "Can view log entry", "content_type": 1, "codename": "view_logentry"}}, {"model": "auth.permission", "pk": 5, "fields": {"name": "Can add permission", "content_type": 2, "codename": "add_permission"}}, {"model": "auth.permission", "pk": 6, "fields": {"name": "Can change permission", "content_type": 2, "codename": "change_permission"}}, {"model": "auth.permission", "pk": 7, "fields": {"name": "Can delete permission", "content_type": 2, "codename": "delete_permission"}}, {"model": "auth.permission", "pk": 8, "fields": {"name": "Can view permission", "content_type": 2, "codename": "view_permission"}}, {"model": "auth.permission", "pk": 9, "fields": {"name": "Can add group", "content_type": 3, "codename": "add_group"}}, {"model": "auth.permission", "pk": 10, "fields": {"name": "Can change group", "content_type": 3, "codename": "change_group"}}, {"model": "auth.permission", "pk": 11, "fields": {"name": "Can delete group", "content_type": 3, "codename": "delete_group"}}, {"model": "auth.permission", "pk": 12, "fields": {"name": "Can view group", "content_type": 3, "codename": "view_group"}}, {"model": "auth.permission", "pk": 13, "fields": {"name": "Can add user", "content_type": 4, "codename": "add_user"}}, {"model": "auth.permission", "pk": 14, "fields": {"name": "Can change user", "content_type": 4, "codename": "change_user"}}, {"model": "auth.permission", "pk": 15, "fields": {"name": "Can delete user", "content_type": 4, "codename": "delete_user"}}, {"model": "auth.permission", "pk": 16, "fields": {"name": "Can view user", "content_type": 4, "codename": "view_user"}}, {"model": "auth.permission", "pk": 17, "fields": {"name": "Can add content type", "content_type": 5, "codename": "add_contenttype"}}, {"model": "auth.permission", "pk": 18, "fields": {"name": "Can change content type", "content_type": 5, "codename": "change_contenttype"}}, {"model": "auth.permission", "pk": 19, "fields": {"name": "Can delete content type", "content_type": 5, "codename": "delete_contenttype"}}, {"model": "auth.permission", "pk": 20, "fields": {"name": "Can view content type", "content_type": 5, "codename": "view_contenttype"}}, {"model": "auth.permission", "pk": 21, "fields": {"name": "Can add session", "content_type": 6, "codename": "add_session"}}, {"model": "auth.permission", "pk": 22, "fields": {"name": "Can change session", "content_type": 6, "codename": "change_session"}}, {"model": "auth.permission", "pk": 23, "fields": {"name": "Can delete session", "content_type": 6, "codename": "delete_session"}}, {"model": "auth.permission", "pk": 24, "fields": {"name": "Can view session", "content_type": 6, "codename": "view_session"}}, {"model": "auth.permission", "pk": 25, "fields": {"name": "Can add Theme", "content_type": 7, "codename": "add_theme"}}, {"model": "auth.permission", "pk": 26, "fields": {"name": "Can change Theme", "content_type": 7, "codename": "change_theme"}}, {"model": "auth.permission", "pk": 27, "fields": {"name": "Can delete Theme", "content_type": 7, "codename": "delete_theme"}}, {"model": "auth.permission", "pk": 28, "fields": {"name": "Can view Theme", "content_type": 7, "codename": "view_theme"}}, {"model": "auth.permission", "pk": 29, "fields": {"name": "Can add school settings", "content_type": 8, "codename": "add_schoolsettings"}}, {"model": "auth.permission", "pk": 30, "fields": {"name": "Can change school settings", "content_type": 8, "codename": "change_schoolsettings"}}, {"model": "auth.permission", "pk": 31, "fields": {"name": "Can delete school settings", "content_type": 8, "codename": "delete_schoolsettings"}}, {"model": "auth.permission", "pk": 32, "fields": {"name": "Can view school settings", "content_type": 8, "codename": "view_schoolsettings"}}, {"model": "auth.permission", "pk": 33, "fields": {"name": "Can add page theme", "content_type": 9, "codename": "add_pagetheme"}}, {"model": "auth.permission", "pk": 34, "fields": {"name": "Can change page theme", "content_type": 9, "codename": "change_pagetheme"}}, {"model": "auth.permission", "pk": 35, "fields": {"name": "Can delete page theme", "content_type": 9, "codename": "delete_pagetheme"}}, {"model": "auth.permission", "pk": 36, "fields": {"name": "Can view page theme", "content_type": 9, "codename": "view_pagetheme"}}, {"model": "auth.permission", "pk": 37, "fields": {"name": "Can add gallery image", "content_type": 10, "codename": "add_galleryimage"}}, {"model": "auth.permission", "pk": 38, "fields": {"name": "Can change gallery image", "content_type": 10, "codename": "change_galleryimage"}}, {"model": "auth.permission", "pk": 39, "fields": {"name": "Can delete gallery image", "content_type": 10, "codename": "delete_galleryimage"}}, {"model": "auth.permission", "pk": 40, "fields": {"name": "Can view gallery image", "content_type": 10, "codename": "view_galleryimage"}}, {"model": "auth.permission", "pk": 41, "fields": {"name": "Can add profile", "content_type": 11, "codename": "add_profile"}}, {"model": "auth.permission", "pk": 42, "fields": {"name": "Can change profile", "content_type": 11, "codename": "change_profile"}}, {"model": "auth.permission", "pk": 43, "fields": {"name": "Can delete profile", "content_type": 11, "codename": "delete_profile"}}, {"model": "auth.permission", "pk": 44, "fields": {"name": "Can view profile", "content_type": 11, "codename": "view_profile"}}, {"model": "auth.permission", "pk": 45, "fields": {"name": "Can add student", "content_type": 12, "codename": "add_student"}}, {"model": "auth.permission", "pk": 46, "fields": {"name": "Can change student", "content_type": 12, "codename": "change_student"}}, {"model": "auth.permission", "pk": 47, "fields": {"name": "Can delete student", "content_type": 12, "codename": "delete_student"}}, {"model": "auth.permission", "pk": 48, "fields": {"name": "Can view student", "content_type": 12, "codename": "view_student"}}, {"model": "auth.permission", "pk": 49, "fields": {"name": "Can add student application", "content_type": 13, "codename": "add_studentapplication"}}, {"model": "auth.permission", "pk": 50, "fields": {"name": "Can change student application", "content_type": 13, "codename": "change_studentapplication"}}, {"model": "auth.permission", "pk": 51, "fields": {"name": "Can delete student application", "content_type": 13, "codename": "delete_studentapplication"}}, {"model": "auth.permission", "pk": 52, "fields": {"name": "Can view student application", "content_type": 13, "codename": "view_studentapplication"}}, {"model": "auth.permission", "pk": 53, "fields": {"name": "Can add exam", "content_type": 14, "codename": "add_exam"}}, {"model": "auth.permission", "pk": 54, "fields": {"name": "Can change exam", "content_type": 14, "codename": "change_exam"}}, {"model": "auth.permission", "pk": 55, "fields": {"name": "Can delete exam", "content_type": 14, "codename": "delete_exam"}}, {"model": "auth.permission", "pk": 56, "fields": {"name": "Can view exam", "content_type": 14, "codename": "view_exam"}}, {"model": "auth.permission", "pk": 57, "fields": {"name": "Can add subject", "content_type": 15, "codename": "add_subject"}}, {"model": "auth.permission", "pk": 58, "fields": {"name": "Can change subject", "content_type": 15, "codename": "change_subject"}}, {"model": "auth.permission", "pk": 59, "fields": {"name": "Can delete subject", "content_type": 15, "codename": "delete_subject"}}, {"model": "auth.permission", "pk": 60, "fields": {"name": "Can view subject", "content_type": 15, "codename": "view_subject"}}, {"model": "auth.permission", "pk": 61, "fields": {"name": "Can add score", "content_type": 16, "codename": "add_score"}}, {"model": "auth.permission", "pk": 62, "fields": {"name": "Can change score", "content_type": 16, "codename": "change_score"}}, {"model": "auth.permission", "pk": 63, "fields": {"name": "Can delete score", "content_type": 16, "codename": "delete_score"}}, {"model": "auth.permission", "pk": 64, "fields": {"name": "Can view score", "content_type": 16, "codename": "view_score"}}, {"model": "auth.permission", "pk": 65, "fields": {"name": "Can add promotion", "content_type": 17, "codename": "add_promotion"}}, {"model": "auth.permission", "pk": 66, "fields": {"name": "Can change promotion", "content_type": 17, "codename": "change_promotion"}}, {"model": "auth.permission", "pk": 67, "fields": {"name": "Can delete promotion", "content_type": 17, "codename": "delete_promotion"}}, {"model": "auth.permission", "pk": 68, "fields": {"name": "Can view promotion", "content_type": 17, "codename": "view_promotion"}}, {"model": "auth.permission", "pk": 69, "fields": {"name": "Can add trait category", "content_type": 18, "codename": "add_traitcategory"}}, {"model": "auth.permission", "pk": 70, "fields": {"name": "Can change trait category", "content_type": 18, "codename": "change_traitcategory"}}, {"model": "auth.permission", "pk": 71, "fields": {"name": "Can delete trait category", "content_type": 18, "codename": "delete_traitcategory"}}, {"model": "auth.permission", "pk": 72, "fields": {"name": "Can view trait category", "content_type": 18, "codename": "view_traitcategory"}}, {"model": "auth.permission", "pk": 73, "fields": {"name": "Can add trait", "content_type": 19, "codename": "add_trait"}}, {"model": "auth.permission", "pk": 74, "fields": {"name": "Can change trait", "content_type": 19, "codename": "change_trait"}}, {"model": "auth.permission", "pk": 75, "fields": {"name": "Can delete trait", "content_type": 19, "codename": "delete_trait"}}, {"model": "auth.permission", "pk": 76, "fields": {"name": "Can view trait", "content_type": 19, "codename": "view_trait"}}, {"model": "auth.permission", "pk": 77, "fields": {"name": "Can add student trait rating", "content_type": 20, "codename": "add_studenttraitrating"}}, {"model": "auth.permission", "pk": 78, "fields": {"name": "Can change student trait rating", "content_type": 20, "codename": "change_studenttraitrating"}}, {"model": "auth.permission", "pk": 79, "fields": {"name": "Can delete student trait rating", "content_type": 20, "codename": "delete_studenttraitrating"}}, {"model": "auth.permission", "pk": 80, "fields": {"name": "Can view student trait rating", "content_type": 20, "codename": "view_studenttraitrating"}}, {"model": "auth.permission", "pk": 81, "fields": {"name": "Can add attendance record", "content_type": 21, "codename": "add_attendancerecord"}}, {"model": "auth.permission", "pk": 82, "fields": {"name": "Can change attendance record", "content_type": 21, "codename": "change_attendancerecord"}}, {"model": "auth.permission", "pk": 83, "fields": {"name": "Can delete attendance record", "content_type": 21, "codename": "delete_attendancerecord"}}, {"model": "auth.permission", "pk": 84, "fields": {"name": "Can view attendance record", "content_type": 21, "codename": "view_attendancerecord"}}, {"model": "auth.permission", "pk": 85, "fields": {"name": "Can add school classes", "content_type": 22, "codename": "add_schoolclasses"}}, {"model": "auth.permission", "pk": 86, "fields": {"name": "Can change school classes", "content_type": 22, "codename": "change_schoolclasses"}}, {"model": "auth.permission", "pk": 87, "fields": {"name": "Can delete school classes", "content_type": 22, "codename": "delete_schoolclasses"}}, {"model": "auth.permission", "pk": 88, "fields": {"name": "Can view school classes", "content_type": 22, "codename": "view_schoolclasses"}}, {"model": "auth.permission", "pk": 89, "fields": {"name": "Can add school fee", "content_type": 23, "codename": "add_schoolfee"}}, {"model": "auth.permission", "pk": 90, "fields": {"name": "Can change school fee", "content_type": 23, "codename": "change_schoolfee"}}, {"model": "auth.permission", "pk": 91, "fields": {"name": "Can delete school fee", "content_type": 23, "codename": "delete_schoolfee"}}, {"model": "auth.permission", "pk": 92, "fields": {"name": "Can view school fee", "content_type": 23, "codename": "view_schoolfee"}}, {"model": "auth.permission", "pk": 93, "fields": {"name": "Can add staff", "content_type": 24, "codename": "add_staff"}}, {"model": "auth.permission", "pk": 94, "fields": {"name": "Can change staff", "content_type": 24, "codename": "change_staff"}}, {"model": "auth.permission", "pk": 95, "fields": {"name": "Can delete staff", "content_type": 24, "codename": "delete_staff"}}, {"model": "auth.permission", "pk": 96, "fields": {"name": "Can view staff", "content_type": 24, "codename": "view_staff"}}, {"model": "auth.permission", "pk": 97, "fields": {"name": "Can add student invoice", "content_type": 25, "codename": "add_studentinvoice"}}, {"model": "auth.permission", "pk": 98, "fields": {"name": "Can change student invoice", "content_type": 25, "codename": "change_studentinvoice"}}, {"model": "auth.permission", "pk": 99, "fields": {"name": "Can delete student invoice", "content_type": 25, "codename": "delete_studentinvoice"}}, {"model": "auth.permission", "pk": 100, "fields": {"name": "Can view student invoice", "content_type": 25, "codename": "view_studentinvoice"}}, {"model": "auth.permission", "pk": 101, "fields": {"name": "Can add student payment", "content_type": 26, "codename": "add_studentpayment"}}, {"model": "auth.permission", "pk": 102, "fields": {"name": "Can change student payment", "content_type": 26, "codename": "change_studentpayment"}}, {"model": "auth.permission", "pk": 103, "fields": {"name": "Can delete student payment", "content_type": 26, "codename": "delete_studentpayment"}}, {"model": "auth.permission", "pk": 104, "fields": {"name": "Can view student payment", "content_type": 26, "codename": "view_studentpayment"}}, {"model": "auth.permission", "pk": 105, "fields": {"name": "Can add school expense", "content_type": 27, "codename": "add_schoolexpense"}}, {"model": "auth.permission", "pk": 106, "fields": {"name": "Can change school expense", "content_type": 27, "codename": "change_schoolexpense"}}, {"model": "auth.permission", "pk": 107, "fields": {"name": "Can delete school expense", "content_type": 27, "codename": "delete_schoolexpense"}}, {"model": "auth.permission", "pk": 108, "fields": {"name": "Can view school expense", "content_type": 27, "codename": "view_schoolexpense"}}, {"model": "auth.permission", "pk": 109, "fields": {"name": "Can add payslip", "content_type": 28, "codename": "add_payslip"}}, {"model": "auth.permission", "pk": 110, "fields": {"name": "Can change payslip", "content_type": 28, "codename": "change_payslip"}}, {"model": "auth.permission", "pk": 111, "fields": {"name": "Can delete payslip", "content_type": 28, "codename": "delete_payslip"}}, {"model": "auth.permission", "pk": 112, "fields": {"name": "Can view payslip", "content_type": 28, "codename": "view_payslip"}}, {"model": "auth.permission", "pk": 113, "fields": {"name": "Can add Announcement", "content_type": 29, "codename": "add_announcement"}}, {"model": "auth.permission", "pk": 114, "fields": {"name": "Can change Announcement", "content_type": 29, "codename": "change_announcement"}}, {"model": "auth.permission", "pk": 115, "fields": {"name": "Can delete Announcement", "content_type": 29, "codename": "delete_announcement"}}, {"model": "auth.permission", "pk": 116, "fields": {"name": "Can view Announcement", "content_type": 29, "codename": "view_announcement"}}, {"model": "auth.permission", "pk": 117, "fields": {"name": "Can add exam type", "content_type": 30, "codename": "add_examtype"}}, {"model": "auth.permission", "pk": 118, "fields": {"name": "Can change exam type", "content_type": 30, "codename": "change_examtype"}}, {"model": "auth.permission", "pk": 119, "fields": {"name": "Can delete exam type", "content_type": 30, "codename": "delete_examtype"}}, {"model": "auth.permission", "pk": 120, "fields": {"name": "Can view exam type", "content_type": 30, "codename": "view_examtype"}}, {"model": "auth.permission", "pk": 121, "fields": {"name": "Can add term", "content_type": 31, "codename": "add_term"}}, {"model": "auth.permission", "pk": 122, "fields": {"name": "Can change term", "content_type": 31, "codename": "change_term"}}, {"model": "auth.permission", "pk": 123, "fields": {"name": "Can delete term", "content_type": 31, "codename": "delete_term"}}, {"model": "auth.permission", "pk": 124, "fields": {"name": "Can view term", "content_type": 31, "codename": "view_term"}}, {"model": "auth.permission", "pk": 125, "fields": {"name": "Can add class subject", "content_type": 32, "codename": "add_classsubject"}}, {"model": "auth.permission", "pk": 126, "fields": {"name": "Can change class subject", "content_type": 32, "codename": "change_classsubject"}}, {"model": "auth.permission", "pk": 127, "fields": {"name": "Can delete class subject", "content_type": 32, "codename": "delete_classsubject"}}, {"model": "auth.permission", "pk": 128, "fields": {"name": "Can view class subject", "content_type": 32, "codename": "view_classsubject"}}, {"model": "auth.permission", "pk": 129, "fields": {"name": "Can add grade scale", "content_type": 33, "codename": "add_gradescale"}}, {"model": "auth.permission", "pk": 130, "fields": {"name": "Can change grade scale", "content_type": 33, "codename": "change_gradescale"}}, {"model": "auth.permission", "pk": 131, "fields": {"name": "Can delete grade scale", "content_type": 33, "codename": "delete_gradescale"}}, {"model": "auth.permission", "pk": 132, "fields": {"name": "Can view grade scale", "content_type": 33, "codename": "view_gradescale"}}, {"model": "auth.permission", "pk": 133, "fields": {"name": "Can add result template", "content_type": 34, "codename": "add_resulttemplate"}}, {"model": "auth.permission", "pk": 134, "fields": {"name": "Can change result template", "content_type": 34, "codename": "change_resulttemplate"}}, {"model": "auth.permission", "pk": 135, "fields": {"name": "Can delete result template", "content_type": 34, "codename": "delete_resulttemplate"}}, {"model": "auth.permission", "pk": 136, "fields": {"name": "Can view result template", "content_type": 34, "codename": "view_resulttemplate"}}, {"model": "auth.permission", "pk": 137, "fields": {"name": "Can add student result", "content_type": 35, "codename": "add_studentresult"}}, {"model": "auth.permission", "pk": 138, "fields": {"name": "Can change student result", "content_type": 35, "codename": "change_studentresult"}}, {"model": "auth.permission", "pk": 139, "fields": {"name": "Can delete student result", "content_type": 35, "codename": "delete_studentresult"}}, {"model": "auth.permission", "pk": 140, "fields": {"name": "Can view student result", "content_type": 35, "codename": "view_studentresult"}}, {"model": "auth.permission", "pk": 141, "fields": {"name": "Can add term result", "content_type": 36, "codename": "add_termresult"}}, {"model": "auth.permission", "pk": 142, "fields": {"name": "Can change term result", "content_type": 36, "codename": "change_termresult"}}, {"model": "auth.permission", "pk": 143, "fields": {"name": "Can delete term result", "content_type": 36, "codename": "delete_termresult"}}, {"model": "auth.permission", "pk": 144, "fields": {"name": "Can view term result", "content_type": 36, "codename": "view_termresult"}}, {"model": "auth.permission", "pk": 145, "fields": {"name": "Can add attendance session", "content_type": 37, "codename": "add_attendancesession"}}, {"model": "auth.permission", "pk": 146, "fields": {"name": "Can change attendance session", "content_type": 37, "codename": "change_attendancesession"}}, {"model": "auth.permission", "pk": 147, "fields": {"name": "Can delete attendance session", "content_type": 37, "codename": "delete_attendancesession"}}, {"model": "auth.permission", "pk": 148, "fields": {"name": "Can view attendance session", "content_type": 37, "codename": "view_attendancesession"}}, {"model": "auth.permission", "pk": 149, "fields": {"name": "Can add teacher", "content_type": 38, "codename": "add_teacher"}}, {"model": "auth.permission", "pk": 150, "fields": {"name": "Can change teacher", "content_type": 38, "codename": "change_teacher"}}, {"model": "auth.permission", "pk": 151, "fields": {"name": "Can delete teacher", "content_type": 38, "codename": "delete_teacher"}}, {"model": "auth.permission", "pk": 152, "fields": {"name": "Can view teacher", "content_type": 38, "codename": "view_teacher"}}, {"model": "auth.permission", "pk": 153, "fields": {"name": "Can add scheme of work", "content_type": 39, "codename": "add_schemeofwork"}}, {"model": "auth.permission", "pk": 154, "fields": {"name": "Can change scheme of work", "content_type": 39, "codename": "change_schemeofwork"}}, {"model": "auth.permission", "pk": 155, "fields": {"name": "Can delete scheme of work", "content_type": 39, "codename": "delete_schemeofwork"}}, {"model": "auth.permission", "pk": 156, "fields": {"name": "Can view scheme of work", "content_type": 39, "codename": "view_schemeofwork"}}, {"model": "auth.permission", "pk": 157, "fields": {"name": "Can add teacher permission", "content_type": 40, "codename": "add_teacherpermission"}}, {"model": "auth.permission", "pk": 158, "fields": {"name": "Can change teacher permission", "content_type": 40, "codename": "change_teacherpermission"}}, {"model": "auth.permission", "pk": 159, "fields": {"name": "Can delete teacher permission", "content_type": 40, "codename": "delete_teacherpermission"}}, {"model": "auth.permission", "pk": 160, "fields": {"name": "Can view teacher permission", "content_type": 40, "codename": "view_teacherpermission"}}, {"model": "auth.permission", "pk": 161, "fields": {"name": "Can add scheme week", "content_type": 41, "codename": "add_schemeweek"}}, {"model": "auth.permission", "pk": 162, "fields": {"name": "Can change scheme week", "content_type": 41, "codename": "change_schemeweek"}}, {"model": "auth.permission", "pk": 163, "fields": {"name": "Can delete scheme week", "content_type": 41, "codename": "delete_schemeweek"}}, {"model": "auth.permission", "pk": 164, "fields": {"name": "Can view scheme week", "content_type": 41, "codename": "view_schemeweek"}}, {"model": "auth.permission", "pk": 165, "fields": {"name": "Can add class teacher", "content_type": 42, "codename": "add_classteacher"}}, {"model": "auth.permission", "pk": 166, "fields": {"name": "Can change class teacher", "content_type": 42, "codename": "change_classteacher"}}, {"model": "auth.permission", "pk": 167, "fields": {"name": "Can delete class teacher", "content_type": 42, "codename": "delete_classteacher"}}, {"model": "auth.permission", "pk": 168, "fields": {"name": "Can view class teacher", "content_type": 42, "codename": "view_classteacher"}}, {"model": "auth.permission", "pk": 169, "fields": {"name": "Can add payroll dashboard", "content_type": 43, "codename": "add_payrolldashboard"}}, {"model": "auth.permission", "pk": 170, "fields": {"name": "Can change payroll dashboard", "content_type": 43, "codename": "change_payrolldashboard"}}, {"model": "auth.permission", "pk": 171, "fields": {"name": "Can delete payroll dashboard", "content_type": 43, "codename": "delete_payrolldashboard"}}, {"model": "auth.permission", "pk": 172, "fields": {"name": "Can view payroll dashboard", "content_type": 43, "codename": "view_payrolldashboard"}}, {"model": "auth.permission", "pk": 173, "fields": {"name": "Can add salary component", "content_type": 44, "codename": "add_salarycomponent"}}, {"model": "auth.permission", "pk": 174, "fields": {"name": "Can change salary component", "content_type": 44, "codename": "change_salarycomponent"}}, {"model": "auth.permission", "pk": 175, "fields": {"name": "Can delete salary component", "content_type": 44, "codename": "delete_salarycomponent"}}, {"model": "auth.permission", "pk": 176, "fields": {"name": "Can view salary component", "content_type": 44, "codename": "view_salarycomponent"}}, {"model": "auth.permission", "pk": 177, "fields": {"name": "Can add message", "content_type": 45, "codename": "add_message"}}, {"model": "auth.permission", "pk": 178, "fields": {"name": "Can change message", "content_type": 45, "codename": "change_message"}}, {"model": "auth.permission", "pk": 179, "fields": {"name": "Can delete message", "content_type": 45, "codename": "delete_message"}}, {"model": "auth.permission", "pk": 180, "fields": {"name": "Can view message", "content_type": 45, "codename": "view_message"}}, {"model": "auth.permission", "pk": 181, "fields": {"name": "Can add report card comment", "content_type": 46, "codename": "add_reportcardcomment"}}, {"model": "auth.permission", "pk": 182, "fields": {"name": "Can change report card comment", "content_type": 46, "codename": "change_reportcardcomment"}}, {"model": "auth.permission", "pk": 183, "fields": {"name": "Can delete report card comment", "content_type": 46, "codename": "delete_reportcardcomment"}}, {"model": "auth.permission", "pk": 184, "fields": {"name": "Can view report card comment", "content_type": 46, "codename": "view_reportcardcomment"}}, {"model": "auth.permission", "pk": 185, "fields": {"name": "Can add Page", "content_type": 47, "codename": "add_page"}}, {"model": "auth.permission", "pk": 186, "fields": {"name": "Can change Page", "content_type": 47, "codename": "change_page"}}, {"model": "auth.permission", "pk": 187, "fields": {"name": "Can delete Page", "content_type": 47, "codename": "delete_page"}}, {"model": "auth.permission", "pk": 188, "fields": {"name": "Can view Page", "content_type": 47, "codename": "view_page"}}, {"model": "auth.permission", "pk": 189, "fields": {"name": "Can add Page Content", "content_type": 48, "codename": "add_pagecontent"}}, {"model": "auth.permission", "pk": 190, "fields": {"name": "Can change Page Content", "content_type": 48, "codename": "change_pagecontent"}}, {"model": "auth.permission", "pk": 191, "fields": {"name": "Can delete Page Content", "content_type": 48, "codename": "delete_pagecontent"}}, {"model": "auth.permission", "pk": 192, "fields": {"name": "Can view Page Content", "content_type": 48, "codename": "view_pagecontent"}}, {"model": "auth.permission", "pk": 193, "fields": {"name": "Can add admission form field", "content_type": 49, "codename": "add_admissionformfield"}}, {"model": "auth.permission", "pk": 194, "fields": {"name": "Can change admission form field", "content_type": 49, "codename": "change_admissionformfield"}}, {"model": "auth.permission", "pk": 195, "fields": {"name": "Can delete admission form field", "content_type": 49, "codename": "delete_admissionformfield"}}, {"model": "auth.permission", "pk": 196, "fields": {"name": "Can view admission form field", "content_type": 49, "codename": "view_admissionformfield"}}, {"model": "auth.permission", "pk": 197, "fields": {"name": "Can add admission form response", "content_type": 50, "codename": "add_admissionformresponse"}}, {"model": "auth.permission", "pk": 198, "fields": {"name": "Can change admission form response", "content_type": 50, "codename": "change_admissionformresponse"}}, {"model": "auth.permission", "pk": 199, "fields": {"name": "Can delete admission form response", "content_type": 50, "codename": "delete_admissionformresponse"}}, {"model": "auth.permission", "pk": 200, "fields": {"name": "Can view admission form response", "content_type": 50, "codename": "view_admissionformresponse"}}, {"model": "auth.permission", "pk": 201, "fields": {"name": "Can add student conduct", "content_type": 51, "codename": "add_studentconduct"}}, {"model": "auth.permission", "pk": 202, "fields": {"name": "Can change student conduct", "content_type": 51, "codename": "change_studentconduct"}}, {"model": "auth.permission", "pk": 203, "fields": {"name": "Can delete student conduct", "content_type": 51, "codename": "delete_studentconduct"}}, {"model": "auth.permission", "pk": 204, "fields": {"name": "Can view student conduct", "content_type": 51, "codename": "view_studentconduct"}}, {"model": "auth.permission", "pk": 205, "fields": {"name": "Can add student permission", "content_type": 52, "codename": "add_studentpermission"}}, {"model": "auth.permission", "pk": 206, "fields": {"name": "Can change student permission", "content_type": 52, "codename": "change_studentpermission"}}, {"model": "auth.permission", "pk": 207, "fields": {"name": "Can delete student permission", "content_type": 52, "codename": "delete_studentpermission"}}, {"model": "auth.permission", "pk": 208, "fields": {"name": "Can view student permission", "content_type": 52, "codename": "view_studentpermission"}}, {"model": "auth.permission", "pk": 209, "fields": {"name": "Can add portal message", "content_type": 53, "codename": "add_portalmessage"}}, {"model": "auth.permission", "pk": 210, "fields": {"name": "Can change portal message", "content_type": 53, "codename": "change_portalmessage"}}, {"model": "auth.permission", "pk": 211, "fields": {"name": "Can delete portal message", "content_type": 53, "codename": "delete_portalmessage"}}, {"model": "auth.permission", "pk": 212, "fields": {"name": "Can view portal message", "content_type": 53, "codename": "view_portalmessage"}}, {"model": "auth.permission", "pk": 213, "fields": {"name": "Can add portal thread", "content_type": 54, "codename": "add_portalthread"}}, {"model": "auth.permission", "pk": 214, "fields": {"name": "Can change portal thread", "content_type": 54, "codename": "change_portalthread"}}, {"model": "auth.permission", "pk": 215, "fields": {"name": "Can delete portal thread", "content_type": 54, "codename": "delete_portalthread"}}, {"model": "auth.permission", "pk": 216, "fields": {"name": "Can view portal thread", "content_type": 54, "codename": "view_portalthread"}}, {"model": "auth.permission", "pk": 217, "fields": {"name": "Can add Attendance Setting", "content_type": 55, "codename": "add_attendancesettings"}}, {"model": "auth.permission", "pk": 218, "fields": {"name": "Can change Attendance Setting", "content_type": 55, "codename": "change_attendancesettings"}}, {"model": "auth.permission", "pk": 219, "fields": {"name": "Can delete Attendance Setting", "content_type": 55, "codename": "delete_attendancesettings"}}, {"model": "auth.permission", "pk": 220, "fields": {"name": "Can view Attendance Setting", "content_type": 55, "codename": "view_attendancesettings"}}, {"model": "auth.permission", "pk": 221, "fields": {"name": "Can add staff attendance", "content_type": 56, "codename": "add_staffattendance"}}, {"model": "auth.permission", "pk": 222, "fields": {"name": "Can change staff attendance", "content_type": 56, "codename": "change_staffattendance"}}, {"model": "auth.permission", "pk": 223, "fields": {"name": "Can delete staff attendance", "content_type": 56, "codename": "delete_staffattendance"}}, {"model": "auth.permission", "pk": 224, "fields": {"name": "Can view staff attendance", "content_type": 56, "codename": "view_staffattendance"}}, {"model": "auth.permission", "pk": 225, "fields": {"name": "Can add CBT Exam", "content_type": 57, "codename": "add_cbtexam"}}, {"model": "auth.permission", "pk": 226, "fields": {"name": "Can change CBT Exam", "content_type": 57, "codename": "change_cbtexam"}}, {"model": "auth.permission", "pk": 227, "fields": {"name": "Can delete CBT Exam", "content_type": 57, "codename": "delete_cbtexam"}}, {"model": "auth.permission", "pk": 228, "fields": {"name": "Can view CBT Exam", "content_type": 57, "codename": "view_cbtexam"}}, {"model": "auth.permission", "pk": 229, "fields": {"name": "Can add cbt question", "content_type": 58, "codename": "add_cbtquestion"}}, {"model": "auth.permission", "pk": 230, "fields": {"name": "Can change cbt question", "content_type": 58, "codename": "change_cbtquestion"}}, {"model": "auth.permission", "pk": 231, "fields": {"name": "Can delete cbt question", "content_type": 58, "codename": "delete_cbtquestion"}}, {"model": "auth.permission", "pk": 232, "fields": {"name": "Can view cbt question", "content_type": 58, "codename": "view_cbtquestion"}}, {"model": "auth.permission", "pk": 233, "fields": {"name": "Can add cbt choice", "content_type": 59, "codename": "add_cbtchoice"}}, {"model": "auth.permission", "pk": 234, "fields": {"name": "Can change cbt choice", "content_type": 59, "codename": "change_cbtchoice"}}, {"model": "auth.permission", "pk": 235, "fields": {"name": "Can delete cbt choice", "content_type": 59, "codename": "delete_cbtchoice"}}, {"model": "auth.permission", "pk": 236, "fields": {"name": "Can view cbt choice", "content_type": 59, "codename": "view_cbtchoice"}}, {"model": "auth.permission", "pk": 237, "fields": {"name": "Can add cbt student attempt", "content_type": 60, "codename": "add_cbtstudentattempt"}}, {"model": "auth.permission", "pk": 238, "fields": {"name": "Can change cbt student attempt", "content_type": 60, "codename": "change_cbtstudentattempt"}}, {"model": "auth.permission", "pk": 239, "fields": {"name": "Can delete cbt student attempt", "content_type": 60, "codename": "delete_cbtstudentattempt"}}, {"model": "auth.permission", "pk": 240, "fields": {"name": "Can view cbt student attempt", "content_type": 60, "codename": "view_cbtstudentattempt"}}, {"model": "auth.permission", "pk": 241, "fields": {"name": "Can add cbt answer", "content_type": 61, "codename": "add_cbtanswer"}}, {"model": "auth.permission", "pk": 242, "fields": {"name": "Can change cbt answer", "content_type": 61, "codename": "change_cbtanswer"}}, {"model": "auth.permission", "pk": 243, "fields": {"name": "Can delete cbt answer", "content_type": 61, "codename": "delete_cbtanswer"}}, {"model": "auth.permission", "pk": 244, "fields": {"name": "Can view cbt answer", "content_type": 61, "codename": "view_cbtanswer"}}, {"model": "auth.permission", "pk": 245, "fields": {"name": "Can add Question Bank", "content_type": 62, "codename": "add_questionbank"}}, {"model": "auth.permission", "pk": 246, "fields": {"name": "Can change Question Bank", "content_type": 62, "codename": "change_questionbank"}}, {"model": "auth.permission", "pk": 247, "fields": {"name": "Can delete Question Bank", "content_type": 62, "codename": "delete_questionbank"}}, {"model": "auth.permission", "pk": 248, "fields": {"name": "Can view Question Bank", "content_type": 62, "codename": "view_questionbank"}}, {"model": "auth.permission", "pk": 249, "fields": {"name": "Can add student attempt question", "content_type": 63, "codename": "add_studentattemptquestion"}}, {"model": "auth.permission", "pk": 250, "fields": {"name": "Can change student attempt question", "content_type": 63, "codename": "change_studentattemptquestion"}}, {"model": "auth.permission", "pk": 251, "fields": {"name": "Can delete student attempt question", "content_type": 63, "codename": "delete_studentattemptquestion"}}, {"model": "auth.permission", "pk": 252, "fields": {"name": "Can view student attempt question", "content_type": 63, "codename": "view_studentattemptquestion"}}, {"model": "auth.permission", "pk": 253, "fields": {"name": "Can add cbt attempt integrity event", "content_type": 64, "codename": "add_cbtattemptintegrityevent"}}, {"model": "auth.permission", "pk": 254, "fields": {"name": "Can change cbt attempt integrity event", "content_type": 64, "codename": "change_cbtattemptintegrityevent"}}, {"model": "auth.permission", "pk": 255, "fields": {"name": "Can delete cbt attempt integrity event", "content_type": 64, "codename": "delete_cbtattemptintegrityevent"}}, {"model": "auth.permission", "pk": 256, "fields": {"name": "Can view cbt attempt integrity event", "content_type": 64, "codename": "view_cbtattemptintegrityevent"}}, {"model": "auth.permission", "pk": 257, "fields": {"name": "Can add AI Request Metric", "content_type": 65, "codename": "add_airequestmetric"}}, {"model": "auth.permission", "pk": 258, "fields": {"name": "Can change AI Request Metric", "content_type": 65, "codename": "change_airequestmetric"}}, {"model": "auth.permission", "pk": 259, "fields": {"name": "Can delete AI Request Metric", "content_type": 65, "codename": "delete_airequestmetric"}}, {"model": "auth.permission", "pk": 260, "fields": {"name": "Can view AI Request Metric", "content_type": 65, "codename": "view_airequestmetric"}}, {"model": "auth.permission", "pk": 261, "fields": {"name": "Can add question", "content_type": 66, "codename": "add_question"}}, {"model": "auth.permission", "pk": 262, "fields": {"name": "Can change question", "content_type": 66, "codename": "change_question"}}, {"model": "auth.permission", "pk": 263, "fields": {"name": "Can delete question", "content_type": 66, "codename": "delete_question"}}, {"model": "auth.permission", "pk": 264, "fields": {"name": "Can view question", "content_type": 66, "codename": "view_question"}}, {"model": "auth.permission", "pk": 265, "fields": {"name": "Can add question option", "content_type": 67, "codename": "add_questionoption"}}, {"model": "auth.permission", "pk": 266, "fields": {"name": "Can change question option", "content_type": 67, "codename": "change_questionoption"}}, {"model": "auth.permission", "pk": 267, "fields": {"name": "Can delete question option", "content_type": 67, "codename": "delete_questionoption"}}, {"model": "auth.permission", "pk": 268, "fields": {"name": "Can view question option", "content_type": 67, "codename": "view_questionoption"}}, {"model": "auth.permission", "pk": 269, "fields": {"name": "Can add exam paper", "content_type": 68, "codename": "add_exampaper"}}, {"model": "auth.permission", "pk": 270, "fields": {"name": "Can change exam paper", "content_type": 68, "codename": "change_exampaper"}}, {"model": "auth.permission", "pk": 271, "fields": {"name": "Can delete exam paper", "content_type": 68, "codename": "delete_exampaper"}}, {"model": "auth.permission", "pk": 272, "fields": {"name": "Can view exam paper", "content_type": 68, "codename": "view_exampaper"}}, {"model": "auth.permission", "pk": 273, "fields": {"name": "Can add exam section", "content_type": 69, "codename": "add_examsection"}}, {"model": "auth.permission", "pk": 274, "fields": {"name": "Can change exam section", "content_type": 69, "codename": "change_examsection"}}, {"model": "auth.permission", "pk": 275, "fields": {"name": "Can delete exam section", "content_type": 69, "codename": "delete_examsection"}}, {"model": "auth.permission", "pk": 276, "fields": {"name": "Can view exam section", "content_type": 69, "codename": "view_examsection"}}, {"model": "auth.permission", "pk": 277, "fields": {"name": "Can add approval log", "content_type": 70, "codename": "add_approvallog"}}, {"model": "auth.permission", "pk": 278, "fields": {"name": "Can change approval log", "content_type": 70, "codename": "change_approvallog"}}, {"model": "auth.permission", "pk": 279, "fields": {"name": "Can delete approval log", "content_type": 70, "codename": "delete_approvallog"}}, {"model": "auth.permission", "pk": 280, "fields": {"name": "Can view approval log", "content_type": 70, "codename": "view_approvallog"}}, {"model": "auth.group", "pk": 1, "fields": {"name": "DAARUL BAYAAN ISLAMIC SCHOOL", "permissions": [41, 42, 43, 44, 1, 2, 3, 4, 25, 26, 27, 28, 113, 114, 115, 116, 81, 82, 83, 84, 145, 146, 147, 148, 9, 10, 11, 12, 5, 6, 7, 8, 13, 14, 15, 16, 177, 178, 179, 180, 17, 18, 19, 20, 125, 126, 127, 128, 53, 54, 55, 56, 117, 118, 119, 120, 57, 58, 59, 60, 121, 122, 123, 124, 169, 170, 171, 172, 109, 110, 111, 112, 173, 174, 175, 176, 105, 106, 107, 108, 89, 90, 91, 92, 93, 94, 95, 96, 97, 98, 99, 100, 101, 102, 103, 104, 77, 78, 79, 80, 73, 74, 75, 76, 69, 70, 71, 72, 129, 130, 131, 132, 65, 66, 67, 68, 181, 182, 183, 184, 133, 134, 135, 136, 61, 62, 63, 64, 137, 138, 139, 140, 141, 142, 143, 144, 165, 166, 167, 168, 153, 154, 155, 156, 161, 162, 163, 164, 85, 86, 87, 88, 149, 150, 151, 152, 157, 158, 159, 160, 21, 22, 23, 24, 37, 38, 39, 40, 33, 34, 35, 36, 29, 30, 31, 32, 45, 46, 47, 48, 49, 50, 51, 52]}}, {"model": "auth.group", "pk": 2, "fields": {"name": "Teacher", "permissions": [241, 242, 243, 244, 233, 234, 235, 236, 225, 226, 227, 228, 229, 230, 231, 232, 237, 238, 239, 240, 245, 246, 247, 248, 249, 250, 251, 252, 180, 119, 57, 100, 77, 78, 79, 80, 73, 74, 75, 76, 69, 70, 71, 72, 184, 61, 62, 63, 64, 201, 202, 203, 204, 137, 140, 141, 142, 144, 153, 154, 155, 156, 161, 162, 163, 164, 152, 48]}}, {"model": "auth.group", "pk": 3, "fields": {"name": "Student", "permissions": []}}, {"model": "auth.group", "pk": 4, "fields": {"name": "Staff", "permissions": []}}, {"model": "auth.user", "pk": 1, "fields": {"password": "pbkdf2_sha256$1000000$M2OLvC2y9KkOju4el21BsH$U5OeJhbzikorcOriT0NMBU6nF4+swRQTSynb2EgdTfk=", "last_login": "2026-04-20T08:20:48.977Z", "is_superuser": true, "username": "admin", "first_name": "", "last_name": "", "email": "daarulbayaanis@gmail.com", "is_staff": true, "is_active": true, "date_joined": "2026-04-19T06:30:18Z", "groups": [1], "user_permissions": [41, 42, 43, 44, 1, 2, 3, 4, 25, 26, 27, 28, 113, 114, 115, 116, 81, 82, 83, 84, 145, 146, 147, 148, 9, 10, 11, 12, 5, 6, 7, 8, 13, 14, 15, 16, 17, 18, 19, 20, 125, 126, 127, 128, 53, 54, 55, 56, 117, 118, 119, 120, 57, 58, 59, 60, 121, 122, 123, 124, 169, 170, 171, 172, 109, 110, 111, 112, 173, 174, 175, 176, 105, 106, 107, 108, 89, 90, 91, 92, 93, 94, 95, 96, 97, 98, 99, 100, 101, 102, 103, 104, 77, 78, 79, 80, 73, 74, 75, 76, 69, 70, 71, 72, 129, 130, 131, 132, 65, 66, 67, 68, 133, 134, 135, 136, 61, 62, 63, 64, 137, 138, 139, 140, 141, 142, 143, 144, 165, 166, 167, 168, 153, 154, 155, 156, 161, 162, 163, 164, 85, 86, 87, 88, 149, 150, 151, 152, 157, 158, 159, 160, 21, 22, 23, 24, 37, 38, 39, 40, 33, 34, 35, 36, 29, 30, 31, 32, 45, 46, 47, 48, 49, 50, 51, 52]}}, {"model": "auth.user", "pk": 2, "fields": {"password": "pbkdf2_sha256$600000$i1z7BTaf0BGem24hqaffer$wmS8jAnV7Z5InKF1IrLeegNe5SKrD8VfWY7azkIXNXI=", "last_login": "2026-06-17T12:05:45.661Z", "is_superuser": false, "username": "PREP1", "first_name": "HAFSOH", "last_name": "ABIMBOLA", "email": "abimbolahafsoh88@gmail.com", "is_staff": false, "is_active": true, "date_joined": "2026-04-20T05:52:26Z", "groups": [2], "user_permissions": [96, 80, 74, 76, 64, 140, 144, 152]}}, {"model": "auth.user", "pk": 3, "fields": {"password": "pbkdf2_sha256$1000000$GHlyY1LAp65DiokfoclcLg$CTN2HfXrloB4NUQXKT6hnRarzxh8k1IO824WNLfzqEw=", "last_login": "2026-05-13T09:36:12.616Z", "is_superuser": false, "username": "BAMIGBOLA001", "first_name": "MUWAFFAQOH", "last_name": "Bamigbola", "email": "zakkariyah@gmail.com", "is_staff": false, "is_active": true, "date_joined": "2026-04-20T06:38:51Z", "groups": [3], "user_permissions": []}}, {"model": "auth.user", "pk": 4, "fields": {"password": "pbkdf2_sha256$600000$zVciwNyqYBkkMzm1eqqzSB$Vtx6SYs5/p5oq4U8DdCVXwxgAU+b5U2OB4zTlzNJNUY=", "last_login": "2026-04-25T12:37:14.689Z", "is_superuser": true, "username": "UNIQUE", "first_name": "", "last_name": "", "email": "akaydking@gmail.com", "is_staff": true, "is_active": true, "date_joined": "2026-04-20T07:19:52Z", "groups": [], "user_permissions": [41, 42, 43, 44, 1, 2, 3, 4, 25, 26, 27, 28, 113, 114, 115, 116, 81, 82, 83, 84, 145, 146, 147, 148, 9, 10, 11, 12, 5, 6, 7, 8, 13, 14, 15, 16, 17, 18, 19, 20, 125, 126, 127, 128, 53, 54, 55, 56, 117, 118, 119, 120, 57, 58, 59, 60, 121, 122, 123, 124, 169, 170, 171, 172, 109, 110, 111, 112, 173, 174, 175, 176, 105, 106, 107, 108, 89, 90, 91, 92, 93, 94, 95, 96, 97, 98, 99, 100, 101, 102, 103, 104, 77, 78, 79, 80, 73, 74, 75, 76, 69, 70, 71, 72, 129, 130, 131, 132, 65, 66, 67, 68, 133, 134, 135, 136, 61, 62, 63, 64, 137, 138, 139, 140, 141, 142, 143, 144, 165, 166, 167, 168, 153, 154, 155, 156, 161, 162, 163, 164, 85, 86, 87, 88, 149, 150, 151, 152, 157, 158, 159, 160, 21, 22, 23, 24, 37, 38, 39, 40, 33, 34, 35, 36, 29, 30, 31, 32, 45, 46, 47, 48, 49, 50, 51, 52]}}, {"model": "auth.user", "pk": 5, "fields": {"password": "pbkdf2_sha256$600000$Ag0282xJKVxLUgoSHrpyed$Nzi8p1mU1V0fL6P4Q2xt6Pg/A4BYfml3Ey3EtBt339U=", "last_login": "2026-06-17T12:07:42.125Z", "is_superuser": true, "username": "SODIQ", "first_name": "SODIQ", "last_name": "UNIQUE", "email": "akay4luv@yahoo.com", "is_staff": true, "is_active": true, "date_joined": "2026-04-20T08:20:28Z", "groups": [4], "user_permissions": [41, 42, 43, 44, 1, 2, 3, 4, 25, 26, 27, 28, 113, 114, 115, 116, 81, 82, 83, 84, 145, 146, 147, 148, 9, 10, 11, 12, 5, 6, 7, 8, 13, 14, 15, 16, 177, 178, 179, 180, 17, 18, 19, 20, 125, 126, 127, 128, 53, 54, 55, 56, 117, 118, 119, 120, 57, 58, 59, 60, 121, 122, 123, 124, 185, 186, 187, 188, 189, 190, 191, 192, 169, 170, 171, 172, 109, 110, 111, 112, 173, 174, 175, 176, 105, 106, 107, 108, 89, 90, 91, 92, 93, 94, 95, 96, 97, 98, 99, 100, 101, 102, 103, 104, 77, 78, 79, 80, 73, 74, 75, 76, 69, 70, 71, 72, 129, 130, 131, 132, 65, 66, 67, 68, 181, 182, 183, 184, 133, 134, 135, 136, 61, 62, 63, 64, 201, 202, 203, 204, 137, 138, 139, 140, 141, 142, 143, 144, 165, 166, 167, 168, 153, 154, 155, 156, 161, 162, 163, 164, 85, 86, 87, 88, 149, 150, 151, 152, 157, 158, 159, 160, 21, 22, 23, 24, 37, 38, 39, 40, 33, 34, 35, 36, 29, 30, 31, 32, 193, 194, 195, 196, 197, 198, 199, 200, 45, 46, 47, 48, 49, 50, 51, 52, 205, 206, 207, 208]}}, {"model": "auth.user", "pk": 6, "fields": {"password": "pbkdf2_sha256$1000000$bBrnkE9ArMYYSv9G3pgZAC$FMb8wGr+0o88Oxy9FgvbJ2qi4Zv13UlMHICRyix+D5c=", "last_login": null, "is_superuser": false, "username": "MYSELF", "first_name": "Sodiq", "last_name": "Afolabi", "email": "Afolabisodiqabioye@gmail.com", "is_staff": false, "is_active": false, "date_joined": "2026-04-28T10:50:29.803Z", "groups": [], "user_permissions": []}}, {"model": "auth.user", "pk": 7, "fields": {"password": "pbkdf2_sha256$600000$wX5WhqlD3WyiFn7CtJYVk6$SW4OdOgQwqwWfUkTb3ujCqI1UD2L8GLNntg77obYXYA=", "last_login": "2026-05-21T22:28:24.357Z", "is_superuser": false, "username": "AFO", "first_name": "SODIQ", "last_name": "AFOLABI", "email": "afolabisodiqabioye@gmail.com", "is_staff": false, "is_active": true, "date_joined": "2026-04-28T12:44:06Z", "groups": [2], "user_permissions": []}}, {"model": "auth.user", "pk": 8, "fields": {"password": "pbkdf2_sha256$1000000$Yrg4A8vuCzLaIP4aPmWQnm$QKaHTj/eArToMVIJdNngflFIJzRe2L6I/wIeaVl2B6U=", "last_login": "2026-04-29T10:54:54.090Z", "is_superuser": false, "username": "Umm Muwaffaqoh", "first_name": "Zakariyya", "last_name": "Dhikroh Bolanle", "email": "dhikrozakariyya222@gmail.com", "is_staff": false, "is_active": true, "date_joined": "2026-04-29T09:40:23.754Z", "groups": [2], "user_permissions": []}}, {"model": "auth.user", "pk": 9, "fields": {"password": "pbkdf2_sha256$600000$dwlo3IcOzyBJzHdOzkCKUJ$GfBf8pSIZBY3tY7W6oNbWF8qGlG+x3mmrs8MhkEhroc=", "last_login": "2026-06-17T11:32:33.291Z", "is_superuser": false, "username": "EMIOLA004", "first_name": "ABDUL-QOYYUM", "last_name": "EMIOLA", "email": "unknown@gmail.com", "is_staff": false, "is_active": true, "date_joined": "2026-05-13T08:59:14Z", "groups": [2, 3], "user_permissions": []}}, {"model": "contenttypes.contenttype", "pk": 1, "fields": {"app_label": "admin", "model": "logentry"}}, {"model": "contenttypes.contenttype", "pk": 2, "fields": {"app_label": "auth", "model": "permission"}}, {"model": "contenttypes.contenttype", "pk": 3, "fields": {"app_label": "auth", "model": "group"}}, {"model": "contenttypes.contenttype", "pk": 4, "fields": {"app_label": "auth", "model": "user"}}, {"model": "contenttypes.contenttype", "pk": 5, "fields": {"app_label": "contenttypes", "model": "contenttype"}}, {"model": "contenttypes.contenttype", "pk": 6, "fields": {"app_label": "sessions", "model": "session"}}, {"model": "contenttypes.contenttype", "pk": 7, "fields": {"app_label": "admin_interface", "model": "theme"}}, {"model": "contenttypes.contenttype", "pk": 8, "fields": {"app_label": "settingsapp", "model": "schoolsettings"}}, {"model": "contenttypes.contenttype", "pk": 9, "fields": {"app_label": "settingsapp", "model": "pagetheme"}}, {"model": "contenttypes.contenttype", "pk": 10, "fields": {"app_label": "settingsapp", "model": "galleryimage"}}, {"model": "contenttypes.contenttype", "pk": 11, "fields": {"app_label": "accounts", "model": "profile"}}, {"model": "contenttypes.contenttype", "pk": 12, "fields": {"app_label": "students", "model": "student"}}, {"model": "contenttypes.contenttype", "pk": 13, "fields": {"app_label": "students", "model": "studentapplication"}}, {"model": "contenttypes.contenttype", "pk": 14, "fields": {"app_label": "exams", "model": "exam"}}, {"model": "contenttypes.contenttype", "pk": 15, "fields": {"app_label": "exams", "model": "subject"}}, {"model": "contenttypes.contenttype", "pk": 16, "fields": {"app_label": "results", "model": "score"}}, {"model": "contenttypes.contenttype", "pk": 17, "fields": {"app_label": "results", "model": "promotion"}}, {"model": "contenttypes.contenttype", "pk": 18, "fields": {"app_label": "psychomotor", "model": "traitcategory"}}, {"model": "contenttypes.contenttype", "pk": 19, "fields": {"app_label": "psychomotor", "model": "trait"}}, {"model": "contenttypes.contenttype", "pk": 20, "fields": {"app_label": "psychomotor", "model": "studenttraitrating"}}, {"model": "contenttypes.contenttype", "pk": 21, "fields": {"app_label": "attendance", "model": "attendancerecord"}}, {"model": "contenttypes.contenttype", "pk": 22, "fields": {"app_label": "school_classes", "model": "schoolclasses"}}, {"model": "contenttypes.contenttype", "pk": 23, "fields": {"app_label": "payroll", "model": "schoolfee"}}, {"model": "contenttypes.contenttype", "pk": 24, "fields": {"app_label": "payroll", "model": "staff"}}, {"model": "contenttypes.contenttype", "pk": 25, "fields": {"app_label": "payroll", "model": "studentinvoice"}}, {"model": "contenttypes.contenttype", "pk": 26, "fields": {"app_label": "payroll", "model": "studentpayment"}}, {"model": "contenttypes.contenttype", "pk": 27, "fields": {"app_label": "payroll", "model": "schoolexpense"}}, {"model": "contenttypes.contenttype", "pk": 28, "fields": {"app_label": "payroll", "model": "payslip"}}, {"model": "contenttypes.contenttype", "pk": 29, "fields": {"app_label": "announcements", "model": "announcement"}}, {"model": "contenttypes.contenttype", "pk": 30, "fields": {"app_label": "exams", "model": "examtype"}}, {"model": "contenttypes.contenttype", "pk": 31, "fields": {"app_label": "exams", "model": "term"}}, {"model": "contenttypes.contenttype", "pk": 32, "fields": {"app_label": "exams", "model": "classsubject"}}, {"model": "contenttypes.contenttype", "pk": 33, "fields": {"app_label": "results", "model": "gradescale"}}, {"model": "contenttypes.contenttype", "pk": 34, "fields": {"app_label": "results", "model": "resulttemplate"}}, {"model": "contenttypes.contenttype", "pk": 35, "fields": {"app_label": "results", "model": "studentresult"}}, {"model": "contenttypes.contenttype", "pk": 36, "fields": {"app_label": "results", "model": "termresult"}}, {"model": "contenttypes.contenttype", "pk": 37, "fields": {"app_label": "attendance", "model": "attendancesession"}}, {"model": "contenttypes.contenttype", "pk": 38, "fields": {"app_label": "school_classes", "model": "teacher"}}, {"model": "contenttypes.contenttype", "pk": 39, "fields": {"app_label": "school_classes", "model": "schemeofwork"}}, {"model": "contenttypes.contenttype", "pk": 40, "fields": {"app_label": "school_classes", "model": "teacherpermission"}}, {"model": "contenttypes.contenttype", "pk": 41, "fields": {"app_label": "school_classes", "model": "schemeweek"}}, {"model": "contenttypes.contenttype", "pk": 42, "fields": {"app_label": "school_classes", "model": "classteacher"}}, {"model": "contenttypes.contenttype", "pk": 43, "fields": {"app_label": "payroll", "model": "payrolldashboard"}}, {"model": "contenttypes.contenttype", "pk": 44, "fields": {"app_label": "payroll", "model": "salarycomponent"}}, {"model": "contenttypes.contenttype", "pk": 45, "fields": {"app_label": "communication", "model": "message"}}, {"model": "contenttypes.contenttype", "pk": 46, "fields": {"app_label": "results", "model": "reportcardcomment"}}, {"model": "contenttypes.contenttype", "pk": 47, "fields": {"app_label": "pages", "model": "page"}}, {"model": "contenttypes.contenttype", "pk": 48, "fields": {"app_label": "pages", "model": "pagecontent"}}, {"model": "contenttypes.contenttype", "pk": 49, "fields": {"app_label": "students", "model": "admissionformfield"}}, {"model": "contenttypes.contenttype", "pk": 50, "fields": {"app_label": "students", "model": "admissionformresponse"}}, {"model": "contenttypes.contenttype", "pk": 51, "fields": {"app_label": "results", "model": "studentconduct"}}, {"model": "contenttypes.contenttype", "pk": 52, "fields": {"app_label": "students", "model": "studentpermission"}}, {"model": "contenttypes.contenttype", "pk": 53, "fields": {"app_label": "communication", "model": "portalmessage"}}, {"model": "contenttypes.contenttype", "pk": 54, "fields": {"app_label": "communication", "model": "portalthread"}}, {"model": "contenttypes.contenttype", "pk": 55, "fields": {"app_label": "staff_attendance", "model": "attendancesettings"}}, {"model": "contenttypes.contenttype", "pk": 56, "fields": {"app_label": "staff_attendance", "model": "staffattendance"}}, {"model": "contenttypes.contenttype", "pk": 57, "fields": {"app_label": "cbt", "model": "cbtexam"}}, {"model": "contenttypes.contenttype", "pk": 58, "fields": {"app_label": "cbt", "model": "cbtquestion"}}, {"model": "contenttypes.contenttype", "pk": 59, "fields": {"app_label": "cbt", "model": "cbtchoice"}}, {"model": "contenttypes.contenttype", "pk": 60, "fields": {"app_label": "cbt", "model": "cbtstudentattempt"}}, {"model": "contenttypes.contenttype", "pk": 61, "fields": {"app_label": "cbt", "model": "cbtanswer"}}, {"model": "contenttypes.contenttype", "pk": 62, "fields": {"app_label": "cbt", "model": "questionbank"}}, {"model": "contenttypes.contenttype", "pk": 63, "fields": {"app_label": "cbt", "model": "studentattemptquestion"}}, {"model": "contenttypes.contenttype", "pk": 64, "fields": {"app_label": "cbt", "model": "cbtattemptintegrityevent"}}, {"model": "contenttypes.contenttype", "pk": 65, "fields": {"app_label": "cbt", "model": "airequestmetric"}}, {"model": "contenttypes.contenttype", "pk": 66, "fields": {"app_label": "exams", "model": "question"}}, {"model": "contenttypes.contenttype", "pk": 67, "fields": {"app_label": "exams", "model": "questionoption"}}, {"model": "contenttypes.contenttype", "pk": 68, "fields": {"app_label": "exams", "model": "exampaper"}}, {"model": "contenttypes.contenttype", "pk": 69, "fields": {"app_label": "exams", "model": "examsection"}}, {"model": "contenttypes.contenttype", "pk": 70, "fields": {"app_label": "exams", "model": "approvallog"}}, {"model": "sessions.session", "pk": "0fyq0zz5dxj6ceaiobw6f46c137ru2yb", "fields": {"session_data": ".eJxVjEEOwiAQRe_C2pAppQy4dO8ZyMCAVA0kpV0Z765NutDtf-_9l_C0rcVvPS1-ZnEWSpx-t0DxkeoO-E711mRsdV3mIHdFHrTLa-P0vBzu30GhXr41mIyMgGYaGK0zSZkhgs5mjDnaMVtns7OKAEm7xEGjNhAANIfIkyLx_gDHvzeF:1wGwow:U61iuB889zqkv7ydH_aymet-L9y0lEAguFbW8JrknG0", "expire_date": "2026-05-10T10:34:38.019Z"}}, {"model": "sessions.session", "pk": "1f5dusgih0m16kdi5emgrryhtnq7bp41", "fields": {"session_data": ".eJxVjEEOwiAQRe_C2pAWEBiX7j0DGWBGqoYmpV0Z725JutDkr_57eW8RcFtL2BotYcriIkCcfr-I6Um1g_zAep9lmuu6TFF2RR60yduc6XU93L9AwVZ69mzZkI16H2g7JGbi0TgL3juTlPGs1QA7ZYMYMyhNDGRQAzs1KvH5AttMN5w:1wYdft:ZQ4HjKKr2Jn76mbxlvap-0YM8oMYNa2u4xZpYVxTd18", "expire_date": "2026-06-28T05:46:25.635Z"}}, {"model": "sessions.session", "pk": "1ggnewinznbqdds6t3ds0fetehroa3qd", "fields": {"session_data": ".eJxVjMsOwiAQRf-FtSEdyqO4dO83kBkGpGogKe3K-O_apAvd3nPOfYmA21rC1tMSZhZnYcTpdyOMj1R3wHestyZjq-syk9wVedAur43T83K4fwcFe_nWQA4UDehAs9VJWbTKDgY5x6iSMpMl1MplBPA0ch5BZ9IwgkeOE3nx_gDbRjfn:1wY2X5:fjCaV3GV0e1QXdQiQLG3K1yuT5tvpHkHRF6ZdA_dbcQ", "expire_date": "2026-06-26T14:06:51.856Z"}}, {"model": "sessions.session", "pk": "2wcc70uumqv7xwaq6zs93ju4246dd1w3", "fields": {"session_data": ".eJxVjEEOwiAQRe_C2hAQBlqX7nsGMjCDVA0kpV0Z765NutDtf-_9lwi4rSVsnZcwk7gILU6_W8T04LoDumO9NZlaXZc5yl2RB-1yasTP6-H-HRTs5Vt7VpxMtjapOObI2TkD3jNkiqBdMl7hQM6etQOfB9TejkigGFWyFox4fwD0UDfX:1wEhaK:b-PDNmH2XuoUpXckjW_Lmy5j8QAI44H6rtPUhqYpdcI", "expire_date": "2026-05-04T05:54:16.820Z"}}, {"model": "sessions.session", "pk": "3dedpsaoz4y7hqp33onwa3ssxj5y80ea", "fields": {"session_data": ".eJxVjMsOwiAQRf-FtSEdyqO4dO83kBkGpGogKe3K-O_apAvd3nPOfYmA21rC1tMSZhZnYcTpdyOMj1R3wHestyZjq-syk9wVedAur43T83K4fwcFe_nWQA4UDehAs9VJWbTKDgY5x6iSMpMl1MplBPA0ch5BZ9IwgkeOE3nx_gDbRjfn:1wYdhg:2UBeVzrNfouNzh3j_L6K_q97e7zxFYD-lVuHeN_CMZ4", "expire_date": "2026-06-28T05:48:16.149Z"}}, {"model": "sessions.session", "pk": "3sg65gm4h28k7pvgseiysjbbckcav3q5", "fields": {"session_data": ".eJxVjDkOwjAUBe_iGlkYf2-U9DlD9BeDA8iW4qRC3B0ipYD2zcx7qRHXpYxrz_M4iTorpw6_GyE_ct2A3LHemuZWl3kivSl6p10PTfLzsrt_BwV7-dZggyOQhJ4DOJtMDiEgRTKYoqBhYE4-oPWR0DEYZ5J4oNP1aClCVu8P2ck3sA:1wJFDa:xDf63GRhZNVX--gLzOHLXHrkBRMCTUbdAjrPAznesKQ", "expire_date": "2026-05-16T18:37:34.538Z"}}, {"model": "sessions.session", "pk": "3uroy7rflze54tljccdug0574jmh1sox", "fields": {"session_data": ".eJxVjDkOwjAUBe_iGlkYf2-U9DlD9BeDA8iW4qRC3B0ipYD2zcx7qRHXpYxrz_M4iTorpw6_GyE_ct2A3LHemuZWl3kivSl6p10PTfLzsrt_BwV7-dZggyOQhJ4DOJtMDiEgRTKYoqBhYE4-oPWR0DEYZ5J4oNP1aClCVu8P2ck3sA:1wOLFM:Rd2qluQFOdqMqupUQkMnRiM77vS1V39dM4LClkID4rk", "expire_date": "2026-05-30T20:04:28.949Z"}}, {"model": "sessions.session", "pk": "4k3k2fddizn2y9005epsxiyim1vr875q", "fields": {"session_data": ".eJxVjEsOAiEQBe_C2pAZmuHj0r1nIHTTyKiBZD4r492VZBa6fVWvXiLEfSthX3kJcxJnocTpd8NID64dpHustyap1W2ZUXZFHnSV15b4eTncv0CJa-lZR4YpK-uJBlY2T9bgCNYlDw61ZgQmRuMgM6kBgSyMwNlPadLfj3h_APVvOHk:1wYcwo:xhGAxsC3aembwKZx2VoFLa0eXwq80THMUnnvgaTZzug", "expire_date": "2026-06-28T04:59:50.151Z"}}, {"model": "sessions.session", "pk": "4uo08cd2tmq7lg1lf9813mc4or4fe5r4", "fields": {"session_data": ".eJxVjDkOwjAUBe_iGlkYf2-U9DlD9BeDA8iW4qRC3B0ipYD2zcx7qRHXpYxrz_M4iTorpw6_GyE_ct2A3LHemuZWl3kivSl6p10PTfLzsrt_BwV7-dZggyOQhJ4DOJtMDiEgRTKYoqBhYE4-oPWR0DEYZ5J4oNP1aClCVu8P2ck3sA:1wFhK8:-D7YgmzzEyDU0MG2qrE1MrnEKktmZr_3G1IL3cu2Um0", "expire_date": "2026-05-06T23:49:40.106Z"}}, {"model": "sessions.session", "pk": "5ejbusex92obxqm3rc8a2ingp8uza5o9", "fields": {"session_data": ".eJxVjMsOwiAQRf-FtSEdyqO4dO83kBkGpGogKe3K-O_apAvd3nPOfYmA21rC1tMSZhZnYcTpdyOMj1R3wHestyZjq-syk9wVedAur43T83K4fwcFe_nWQA4UDehAs9VJWbTKDgY5x6iSMpMl1MplBPA0ch5BZ9IwgkeOE3nx_gDbRjfn:1wZ06g:IpSnqicKj91ESVBPxXskbap8pUBrX6uGSaBgmaiTQU0", "expire_date": "2026-06-29T05:43:34.313Z"}}, {"model": "sessions.session", "pk": "6lf8u327rnwnekwxxht9vo2vejrbnj2w", "fields": {"session_data": ".eJxVjMsOwiAQRf-FtSEdyqO4dO83kBkGpGogKe3K-O_apAvd3nPOfYmA21rC1tMSZhZnYcTpdyOMj1R3wHestyZjq-syk9wVedAur43T83K4fwcFe_nWQA4UDehAs9VJWbTKDgY5x6iSMpMl1MplBPA0ch5BZ9IwgkeOE3nx_gDbRjfn:1wQsgS:hFl2TZF4kmrVHCiHU1bt5Y_5zuSLdSh2zeeIhOy11rI", "expire_date": "2026-06-06T20:10:56.983Z"}}, {"model": "sessions.session", "pk": "6mdhjem9mjzx5n2k3o2xylsi595642dm", "fields": {"session_data": ".eJxVjMsOwiAQRf-FtSEdyqO4dO83kBkGpGogKe3K-O_apAvd3nPOfYmA21rC1tMSZhZnYcTpdyOMj1R3wHestyZjq-syk9wVedAur43T83K4fwcFe_nWQA4UDehAs9VJWbTKDgY5x6iSMpMl1MplBPA0ch5BZ9IwgkeOE3nx_gDbRjfn:1wZp3U:avHBB19x784GKRanTRIbhBcE56Dd0EDa8YSdfuJ4y64", "expire_date": "2026-07-01T12:07:40.950Z"}}, {"model": "sessions.session", "pk": "6vgp4n80dvxz0ywc84celpnhllx6ya3g", "fields": {"session_data": ".eJxVjMsOwiAQRf-FtSEdyqO4dO83kBkGpGogKe3K-O_apAvd3nPOfYmA21rC1tMSZhZnYcTpdyOMj1R3wHestyZjq-syk9wVedAur43T83K4fwcFe_nWQA4UDehAs9VJWbTKDgY5x6iSMpMl1MplBPA0ch5BZ9IwgkeOE3nx_gDbRjfn:1wYdhF:BHSy7hE0JC9PN9jZN_uXH7LdSWjzxNQif0RSGDt67z4", "expire_date": "2026-06-28T05:47:49.481Z"}}, {"model": "sessions.session", "pk": "7n4ya6hfe701fzuh9ryyslb8hjl5r9fh", "fields": {"session_data": ".eJxVjMsOwiAQRf-FtSEdyqO4dO83kBkGpGogKe3K-O_apAvd3nPOfYmA21rC1tMSZhZnYcTpdyOMj1R3wHestyZjq-syk9wVedAur43T83K4fwcFe_nWQA4UDehAs9VJWbTKDgY5x6iSMpMl1MplBPA0ch5BZ9IwgkeOE3nx_gDbRjfn:1wZp3S:HCCDY0oOFuLa69QyB7W6uyR2jMncGzF6R2_nI6FfPLI", "expire_date": "2026-07-01T12:07:38.809Z"}}, {"model": "sessions.session", "pk": "8s4i2wrvyll2fxvqx2tnkqc4d3of2bto", "fields": {"session_data": ".eJxVjEEOwiAQRe_C2pAWEBiX7j0DGWBGqoYmpV0Z725JutDkr_57eW8RcFtL2BotYcriIkCcfr-I6Um1g_zAep9lmuu6TFF2RR60yduc6XU93L9AwVZ69mzZkI16H2g7JGbi0TgL3juTlPGs1QA7ZYMYMyhNDGRQAzs1KvH5AttMN5w:1wYdfp:S2ypJ_HBjde0drVqnPxMGRPg3Qcijaq6phIRBTqqJ4o", "expire_date": "2026-06-28T05:46:21.686Z"}}, {"model": "sessions.session", "pk": "90zrn0ebrqj7yq3wcjyarcdu26voszn9", "fields": {"session_data": ".eJxVjEsOAiEQBe_C2pAZmuHj0r1nIHTTyKiBZD4r492VZBa6fVWvXiLEfSthX3kJcxJnocTpd8NID64dpHustyap1W2ZUXZFHnSV15b4eTncv0CJa-lZR4YpK-uJBlY2T9bgCNYlDw61ZgQmRuMgM6kBgSyMwNlPadLfj3h_APVvOHk:1wStAu:SCMgiQzyw5WuYDw2064BpRtk2Hif3EgP4cak-HJASVY", "expire_date": "2026-06-12T09:06:40.060Z"}}, {"model": "sessions.session", "pk": "ao0sx8w1mhtk4tlcaq2qpk2t4hr3kjjy", "fields": {"session_data": ".eJxVjEEOwiAQRe_C2pAppQy4dO8ZyMCAVA0kpV0Z765NutDtf-_9l_C0rcVvPS1-ZnEWSpx-t0DxkeoO-E711mRsdV3mIHdFHrTLa-P0vBzu30GhXr41mIyMgGYaGK0zSZkhgs5mjDnaMVtns7OKAEm7xEGjNhAANIfIkyLx_gDHvzeF:1wElVr:4zHu9rcK4jSbDOmfl9eKISiAx23C8XuMZID-yFM2-Tk", "expire_date": "2026-05-04T10:05:55.245Z"}}, {"model": "sessions.session", "pk": "bdpqcv1oc648jum92tzt2z7y0oo2w2o9", "fields": {"session_data": ".eJxVjMsOwiAQRf-FtSEdyqO4dO83kBkGpGogKe3K-O_apAvd3nPOfYmA21rC1tMSZhZnYcTpdyOMj1R3wHestyZjq-syk9wVedAur43T83K4fwcFe_nWQA4UDehAs9VJWbTKDgY5x6iSMpMl1MplBPA0ch5BZ9IwgkeOE3nx_gDbRjfn:1wWo4W:IFDOE90IkATJ_PSKt5AU5rSsR8LHZilBQ4WoaEEjKWo", "expire_date": "2026-06-23T04:28:16.992Z"}}, {"model": "sessions.session", "pk": "bhvmqjkgekzjbheujava26phomjcm7cz", "fields": {"session_data": ".eJxVjMsOwiAQRf-FtSEdyqO4dO83kBkGpGogKe3K-O_apAvd3nPOfYmA21rC1tMSZhZnYcTpdyOMj1R3wHestyZjq-syk9wVedAur43T83K4fwcFe_nWQA4UDehAs9VJWbTKDgY5x6iSMpMl1MplBPA0ch5BZ9IwgkeOE3nx_gDbRjfn:1wYclk:zAaSlsz01qTW6S-m6fXJgt3_-MML-Aa8rRlMv0alLnU", "expire_date": "2026-06-28T04:48:24.821Z"}}, {"model": "sessions.session", "pk": "eey2w54j1lzstepp3jawww1vlhc36js7", "fields": {"session_data": ".eJxVjMsOwiAQRf-FtSEdyqO4dO83kBkGpGogKe3K-O_apAvd3nPOfYmA21rC1tMSZhZnYcTpdyOMj1R3wHestyZjq-syk9wVedAur43T83K4fwcFe_nWQA4UDehAs9VJWbTKDgY5x6iSMpMl1MplBPA0ch5BZ9IwgkeOE3nx_gDbRjfn:1wYclm:9BVs7i1TfItrw2qnkSSTQPzTKV83TPyWvJYKXYDcOSk", "expire_date": "2026-06-28T04:48:26.806Z"}}, {"model": "sessions.session", "pk": "fibeghbivpxfkoygeoj422lfo1j1mz14", "fields": {"session_data": ".eJxVjDkOwjAUBe_iGlkYf2-U9DlD9BeDA8iW4qRC3B0ipYD2zcx7qRHXpYxrz_M4iTorpw6_GyE_ct2A3LHemuZWl3kivSl6p10PTfLzsrt_BwV7-dZggyOQhJ4DOJtMDiEgRTKYoqBhYE4-oPWR0DEYZ5J4oNP1aClCVu8P2ck3sA:1wFhKC:x0yvtlc6SBFYIBV7qFu7c_-UGtezKc6e2ukdGSubKJE", "expire_date": "2026-05-06T23:49:44.155Z"}}, {"model": "sessions.session", "pk": "fyboixrusa1qyueuod9ycfqattclu3rz", "fields": {"session_data": ".eJxVjMsOwiAQRf-FtSEdyqO4dO83kBkGpGogKe3K-O_apAvd3nPOfYmA21rC1tMSZhZnYcTpdyOMj1R3wHestyZjq-syk9wVedAur43T83K4fwcFe_nWQA4UDehAs9VJWbTKDgY5x6iSMpMl1MplBPA0ch5BZ9IwgkeOE3nx_gDbRjfn:1wTMyp:dc4EGRvEdpT6Uz9uqR9YO0MHNK_3t_kGNI9gr_-UNUs", "expire_date": "2026-06-13T16:56:11.910Z"}}, {"model": "sessions.session", "pk": "gtkqvhulaq45kpbjn0syc71c95cat8jg", "fields": {"session_data": ".eJxVjDkOwjAUBe_iGlkYf2-U9DlD9BeDA8iW4qRC3B0ipYD2zcx7qRHXpYxrz_M4iTorpw6_GyE_ct2A3LHemuZWl3kivSl6p10PTfLzsrt_BwV7-dZggyOQhJ4DOJtMDiEgRTKYoqBhYE4-oPWR0DEYZ5J4oNP1aClCVu8P2ck3sA:1wFhKA:FDM_z1KddsiOkXP49PkOr_4SdJLohFPPcg_akGspSc8", "expire_date": "2026-05-06T23:49:42.052Z"}}, {"model": "sessions.session", "pk": "h6rj7t7g1epyuwcbb83m3yc4ek08reyl", "fields": {"session_data": ".eJxVjDkOwjAUBe_iGlkYf2-U9DlD9BeDA8iW4qRC3B0ipYD2zcx7qRHXpYxrz_M4iTorpw6_GyE_ct2A3LHemuZWl3kivSl6p10PTfLzsrt_BwV7-dZggyOQhJ4DOJtMDiEgRTKYoqBhYE4-oPWR0DEYZ5J4oNP1aClCVu8P2ck3sA:1wOLFI:dNYeAOtzRm09W3_BEv5wJVeLj9cZxNU9rbQp2aoeNq8", "expire_date": "2026-05-30T20:04:24.592Z"}}, {"model": "sessions.session", "pk": "hi1pvcog93536jbyrpzftmd1o6qif6pc", "fields": {"session_data": ".eJxVjDkOwjAUBe_iGlkYf2-U9DlD9BeDA8iW4qRC3B0ipYD2zcx7qRHXpYxrz_M4iTorpw6_GyE_ct2A3LHemuZWl3kivSl6p10PTfLzsrt_BwV7-dZggyOQhJ4DOJtMDiEgRTKYoqBhYE4-oPWR0DEYZ5J4oNP1aClCVu8P2ck3sA:1wOLFK:Z3MHgXzhQ93cv4mw5PeoZqVqvo3N47pRcKk0qiPcwc0", "expire_date": "2026-05-30T20:04:26.697Z"}}, {"model": "sessions.session", "pk": "ht8pbm4tnv000d5q6ofd7esql7er1klk", "fields": {"session_data": ".eJxVjEEOwiAQRe_C2pAppQy4dO8ZyMCAVA0kpV0Z765NutDtf-_9l_C0rcVvPS1-ZnEWSpx-t0DxkeoO-E711mRsdV3mIHdFHrTLa-P0vBzu30GhXr41mIyMgGYaGK0zSZkhgs5mjDnaMVtns7OKAEm7xEGjNhAANIfIkyLx_gDHvzeF:1wPI15:Qmds96848U2WKIsq_85VHqRsm4bi2_b21YKJVlSF8Sw", "expire_date": "2026-06-02T10:49:39.566Z"}}, {"model": "sessions.session", "pk": "hxou1ol1bmajtq3r3g677wv4qqcacnf3", "fields": {"session_data": ".eJxVjMsOwiAQRf-FtSEdyqO4dO83kBkGpGogKe3K-O_apAvd3nPOfYmA21rC1tMSZhZnYcTpdyOMj1R3wHestyZjq-syk9wVedAur43T83K4fwcFe_nWQA4UDehAs9VJWbTKDgY5x6iSMpMl1MplBPA0ch5BZ9IwgkeOE3nx_gDbRjfn:1wX5nu:voph5Ak8yZM1S3bRCD29QuR5Pp1Vt_nFPis0eDmhJZA", "expire_date": "2026-06-23T23:24:18.828Z"}}, {"model": "sessions.session", "pk": "i5kjthbnentajg7pbhe0bji930izs0cm", "fields": {"session_data": ".eJxVjMsOwiAQRf-FtSEdyqO4dO83kBkGpGogKe3K-O_apAvd3nPOfYmA21rC1tMSZhZnYcTpdyOMj1R3wHestyZjq-syk9wVedAur43T83K4fwcFe_nWQA4UDehAs9VJWbTKDgY5x6iSMpMl1MplBPA0ch5BZ9IwgkeOE3nx_gDbRjfn:1wWngL:vPPRJET_lTLyM2ZPTwTC2mqPoLNnWDtQp52fsdotw68", "expire_date": "2026-06-23T04:03:17.312Z"}}, {"model": "sessions.session", "pk": "jt7cbn2kb5swpe8p8ry3d8pegvp55qjw", "fields": {"session_data": ".eJxVjDkOwjAUBe_iGlkYf2-U9DlD9BeDA8iW4qRC3B0ipYD2zcx7qRHXpYxrz_M4iTorpw6_GyE_ct2A3LHemuZWl3kivSl6p10PTfLzsrt_BwV7-dZggyOQhJ4DOJtMDiEgRTKYoqBhYE4-oPWR0DEYZ5J4oNP1aClCVu8P2ck3sA:1wF8VO:RuBweDd34O8ZvHzxygJhN8T7QJTorJmMZTVjELoabQ8", "expire_date": "2026-05-05T10:38:58.757Z"}}, {"model": "sessions.session", "pk": "k9v8okqx1qn12s1qfxddgp7vh3hco281", "fields": {"session_data": ".eJxVjMsOwiAQRf-FtSEdyqO4dO83kBkGpGogKe3K-O_apAvd3nPOfYmA21rC1tMSZhZnYcTpdyOMj1R3wHestyZjq-syk9wVedAur43T83K4fwcFe_nWQA4UDehAs9VJWbTKDgY5x6iSMpMl1MplBPA0ch5BZ9IwgkeOE3nx_gDbRjfn:1wQsgQ:ZxL-3Y9zLmv0wFHmS-wDmJ2ilN5Y1o3zYQYETmoQHVw", "expire_date": "2026-06-06T20:10:54.939Z"}}, {"model": "sessions.session", "pk": "nn511km65q79wzkl3w97ege6l32jb4gt", "fields": {"session_data": ".eJxVjMsOwiAQRf-FtSEdyqO4dO83kBkGpGogKe3K-O_apAvd3nPOfYmA21rC1tMSZhZnYcTpdyOMj1R3wHestyZjq-syk9wVedAur43T83K4fwcFe_nWQA4UDehAs9VJWbTKDgY5x6iSMpMl1MplBPA0ch5BZ9IwgkeOE3nx_gDbRjfn:1wZokr:R1KYA2hA-uO0udDuzVnd5fXNzCJpwXdkUrQMwNVoEXA", "expire_date": "2026-07-01T11:48:25.238Z"}}, {"model": "sessions.session", "pk": "nwm0dtj2gsglolybp8tvmkdb3wol046c", "fields": {"session_data": ".eJxVjEEOwiAQRe_C2pAWEBiX7j0DGWBGqoYmpV0Z725JutDkr_57eW8RcFtL2BotYcriIkCcfr-I6Um1g_zAep9lmuu6TFF2RR60yduc6XU93L9AwVZ69mzZkI16H2g7JGbi0TgL3juTlPGs1QA7ZYMYMyhNDGRQAzs1KvH5AttMN5w:1wYdfv:0DfY_jOI-cq3SOWOnjRLYrvCwYjZ2RVaNcZ18Xm7jCs", "expire_date": "2026-06-28T05:46:27.134Z"}}, {"model": "sessions.session", "pk": "nzf4oq99q5rw67d497ukl60sjgfd1x8s", "fields": {"session_data": ".eJxVjEsOAiEQBe_C2pAZmuHj0r1nIHTTyKiBZD4r492VZBa6fVWvXiLEfSthX3kJcxJnocTpd8NID64dpHustyap1W2ZUXZFHnSV15b4eTncv0CJa-lZR4YpK-uJBlY2T9bgCNYlDw61ZgQmRuMgM6kBgSyMwNlPadLfj3h_APVvOHk:1wTMwQ:odyT8yvfbtGnGErrh4f7ZqewiQH6ErFIgqQs0hXLttM", "expire_date": "2026-06-13T16:53:42.640Z"}}, {"model": "sessions.session", "pk": "oiddawohittczrlxwydxi9qviv3di2eu", "fields": {"session_data": ".eJxVjEsOAiEQBe_C2pAZmuHj0r1nIHTTyKiBZD4r492VZBa6fVWvXiLEfSthX3kJcxJnocTpd8NID64dpHustyap1W2ZUXZFHnSV15b4eTncv0CJa-lZR4YpK-uJBlY2T9bgCNYlDw61ZgQmRuMgM6kBgSyMwNlPadLfj3h_APVvOHk:1wZp1c:GbBSmeo051kiaLLXlS1RcrnzbcbpY6v9W6-fpq2AuzQ", "expire_date": "2026-07-01T12:05:44.626Z"}}, {"model": "sessions.session", "pk": "ouaib021gnbfziicmhueteg8h94uolfl", "fields": {"session_data": ".eJxVjDEOwjAMRe-SGUXFToJhZO8ZIsdOaAE1UtNOiLtDpQ6w_vfef5nI6zLEteU5jmouhszhd0ssjzxtQO883aqVOi3zmOym2J0221fNz-vu_h0M3IZvDZ4JmEU7LZ1Tr4LBBUgcEAixeJB8ypwYiVACUZCkZ4AjFnYMaN4f90A4Iw:1wI2ZC:cq7KvLFAfNwynne_-QiXpYmSg7d6jtnHgX_yuFYbuPE", "expire_date": "2026-05-13T10:54:54.117Z"}}, {"model": "sessions.session", "pk": "qjp2cel2vlcymux9rh3gk6ij8dmjw7j3", "fields": {"session_data": ".eJxVjDkOwjAUBe_iGlkYf2-U9DlD9BeDA8iW4qRC3B0ipYD2zcx7qRHXpYxrz_M4iTorpw6_GyE_ct2A3LHemuZWl3kivSl6p10PTfLzsrt_BwV7-dZggyOQhJ4DOJtMDiEgRTKYoqBhYE4-oPWR0DEYZ5J4oNP1aClCVu8P2ck3sA:1wKrPz:bcwkbSQvXCRS8XSaFEpia3-5lT7QPr0rhwzQ4HtQk58", "expire_date": "2026-05-21T05:37:03.661Z"}}, {"model": "sessions.session", "pk": "rrzo1jeqawqefshcpfewbcec2e7anqbq", "fields": {"session_data": ".eJxVjEsOAiEQBe_C2pAZmuHj0r1nIHTTyKiBZD4r492VZBa6fVWvXiLEfSthX3kJcxJnocTpd8NID64dpHustyap1W2ZUXZFHnSV15b4eTncv0CJa-lZR4YpK-uJBlY2T9bgCNYlDw61ZgQmRuMgM6kBgSyMwNlPadLfj3h_APVvOHk:1wWpIy:FGENwnSg_1cD3cx9h41dc7Lq9SBLg64MFt6JcwlT98I", "expire_date": "2026-06-23T05:47:16.088Z"}}, {"model": "sessions.session", "pk": "ryh139rwh6s5te9wyttn36mjgw1vzlhh", "fields": {"session_data": ".eJxVjMsOwiAQRf-FtSEdyqO4dO83kBkGpGogKe3K-O_apAvd3nPOfYmA21rC1tMSZhZnYcTpdyOMj1R3wHestyZjq-syk9wVedAur43T83K4fwcFe_nWQA4UDehAs9VJWbTKDgY5x6iSMpMl1MplBPA0ch5BZ9IwgkeOE3nx_gDbRjfn:1wYcln:8oHI_YYDjBRdQzpAQ7E_PpWgIu99Q06p-ExeJFokx8I", "expire_date": "2026-06-28T04:48:27.980Z"}}, {"model": "sessions.session", "pk": "siy8w1pu9wh4pjkguis5yyto56nbre60", "fields": {"session_data": ".eJxVjEsOAiEQBe_C2pAZmuHj0r1nIHTTyKiBZD4r492VZBa6fVWvXiLEfSthX3kJcxJnocTpd8NID64dpHustyap1W2ZUXZFHnSV15b4eTncv0CJa-lZR4YpK-uJBlY2T9bgCNYlDw61ZgQmRuMgM6kBgSyMwNlPadLfj3h_APVvOHk:1wYzuw:cfTp-BELE96Y8RFZvHPzylcdKKDvQfaiMxOm-KmDO1c", "expire_date": "2026-06-29T05:31:26.182Z"}}, {"model": "sessions.session", "pk": "ss6fey372yy64ll4tprtzw4rmu34m4uh", "fields": {"session_data": ".eJxVjEsOAiEQBe_C2pAZmuHj0r1nIHTTyKiBZD4r492VZBa6fVWvXiLEfSthX3kJcxJnocTpd8NID64dpHustyap1W2ZUXZFHnSV15b4eTncv0CJa-lZR4YpK-uJBlY2T9bgCNYlDw61ZgQmRuMgM6kBgSyMwNlPadLfj3h_APVvOHk:1wSssL:GUKSsxdwPUh-LeRzLgHU6xzXyva-O9C19gwMbAofu4A", "expire_date": "2026-06-12T08:47:29.022Z"}}, {"model": "sessions.session", "pk": "sx5bemsuxkayseykjjx7fw0k5r3xzm43", "fields": {"session_data": ".eJxVjEEOwiAQRe_C2pAWEBiX7j0DGWBGqoYmpV0Z725JutDkr_57eW8RcFtL2BotYcriIkCcfr-I6Um1g_zAep9lmuu6TFF2RR60yduc6XU93L9AwVZ69mzZkI16H2g7JGbi0TgL3juTlPGs1QA7ZYMYMyhNDGRQAzs1KvH5AttMN5w:1wYdfs:nRZ9S0tzVGhGDiuDa2CbNOYoXcfsWgeox7wATtSSSys", "expire_date": "2026-06-28T05:46:24.314Z"}}, {"model": "sessions.session", "pk": "sxmidil5ksjvj7f0r3hxr55gfiy6w2ky", "fields": {"session_data": ".eJxVjEEOwiAQRe_C2hAQBlqX7nsGMjCDVA0kpV0Z765NutDtf-_9lwi4rSVsnZcwk7gILU6_W8T04LoDumO9NZlaXZc5yl2RB-1yasTP6-H-HRTs5Vt7VpxMtjapOObI2TkD3jNkiqBdMl7hQM6etQOfB9TejkigGFWyFox4fwD0UDfX:1wEhfQ:ImZeHDKiFBs2qOWDEjT4mjG5lEjooUiOUs-aLVHJCmQ", "expire_date": "2026-05-04T05:59:32.035Z"}}, {"model": "sessions.session", "pk": "t2qkty61cxgtphfzv7gxwh3xol47ouor", "fields": {"session_data": ".eJxVjDkOwjAUBe_iGlkYf2-U9DlD9BeDA8iW4qRC3B0ipYD2zcx7qRHXpYxrz_M4iTorpw6_GyE_ct2A3LHemuZWl3kivSl6p10PTfLzsrt_BwV7-dZggyOQhJ4DOJtMDiEgRTKYoqBhYE4-oPWR0DEYZ5J4oNP1aClCVu8P2ck3sA:1wFXBh:bYsvXj-D4rg8X-0xCvPsJOCMTmwEkq8HiFRvLYXH1Fw", "expire_date": "2026-05-06T13:00:17.307Z"}}, {"model": "sessions.session", "pk": "ti1lk624jxea28l1bei78guh2e7kaybk", "fields": {"session_data": ".eJxVjEEOwiAQRe_C2pAppQy4dO8ZyMCAVA0kpV0Z765NutDtf-_9l_C0rcVvPS1-ZnEWSpx-t0DxkeoO-E711mRsdV3mIHdFHrTLa-P0vBzu30GhXr41mIyMgGYaGK0zSZkhgs5mjDnaMVtns7OKAEm7xEGjNhAANIfIkyLx_gDHvzeF:1wMlXI:9o5o1JiiKEb91i6R-yebFYiLymaOGLpGGMY7OlmeGr0", "expire_date": "2026-05-26T11:44:28.766Z"}}, {"model": "sessions.session", "pk": "uhtsvc3lwtbhz1v46b1bgdbrk1vbw2fu", "fields": {"session_data": ".eJxVjMsOwiAQRf-FtSEdyqO4dO83kBkGpGogKe3K-O_apAvd3nPOfYmA21rC1tMSZhZnYcTpdyOMj1R3wHestyZjq-syk9wVedAur43T83K4fwcFe_nWQA4UDehAs9VJWbTKDgY5x6iSMpMl1MplBPA0ch5BZ9IwgkeOE3nx_gDbRjfn:1wWngJ:pKbgEYJpD7cz0wt8901xRWi5fUbfl_Czn7Qgobc1o2Q", "expire_date": "2026-06-23T04:03:15.990Z"}}, {"model": "sessions.session", "pk": "uqwzaa42sej7ajwhhrwvz58k9zpytqo9", "fields": {"session_data": ".eJxVjMsOwiAQRf-FtSEdyqO4dO83kBkGpGogKe3K-O_apAvd3nPOfYmA21rC1tMSZhZnYcTpdyOMj1R3wHestyZjq-syk9wVedAur43T83K4fwcFe_nWQA4UDehAs9VJWbTKDgY5x6iSMpMl1MplBPA0ch5BZ9IwgkeOE3nx_gDbRjfn:1wY2Zw:lDvGCBY-v5Q48b5OXBEPCYKhsfatA0pw3O39Yn2GO9U", "expire_date": "2026-06-26T14:09:48.659Z"}}, {"model": "sessions.session", "pk": "v30svt191d8bhag3yqjsw6zny6ndvig6", "fields": {"session_data": ".eJxVjEsOAiEQBe_C2pAZmuHj0r1nIHTTyKiBZD4r492VZBa6fVWvXiLEfSthX3kJcxJnocTpd8NID64dpHustyap1W2ZUXZFHnSV15b4eTncv0CJa-lZR4YpK-uJBlY2T9bgCNYlDw61ZgQmRuMgM6kBgSyMwNlPadLfj3h_APVvOHk:1wYzuu:-Xtdw_QNX8mDLmYW53RAHx3QflCqtokhrQuek_ovQmQ", "expire_date": "2026-06-29T05:31:24.345Z"}}, {"model": "sessions.session", "pk": "wmixrqscv50s85o7tkhc2b9l6r8kcgft", "fields": {"session_data": ".eJxVjMsOwiAQRf-FtSEdyqO4dO83kBkGpGogKe3K-O_apAvd3nPOfYmA21rC1tMSZhZnYcTpdyOMj1R3wHestyZjq-syk9wVedAur43T83K4fwcFe_nWQA4UDehAs9VJWbTKDgY5x6iSMpMl1MplBPA0ch5BZ9IwgkeOE3nx_gDbRjfn:1wYclp:1J5OgGT3lW1HWfOnbtm1pRld0Uofsr2P8uEnrK27ghY", "expire_date": "2026-06-28T04:48:29.833Z"}}, {"model": "sessions.session", "pk": "xbfvkfcj49i2luszle2kasd59ytcxfx2", "fields": {"session_data": ".eJxVjMsOwiAQRf-FtSEdyqO4dO83kBkGpGogKe3K-O_apAvd3nPOfYmA21rC1tMSZhZnYcTpdyOMj1R3wHestyZjq-syk9wVedAur43T83K4fwcFe_nWQA4UDehAs9VJWbTKDgY5x6iSMpMl1MplBPA0ch5BZ9IwgkeOE3nx_gDbRjfn:1wZoh8:_yhq7TP4q8z17NwHQkCOjj89AKcRIWg_KTMIsyLR9sA", "expire_date": "2026-07-01T11:44:34.614Z"}}, {"model": "sessions.session", "pk": "xzd2gs6phe1ar6x49gp651sjp3aubsm4", "fields": {"session_data": ".eJxVjEsOAiEQBe_C2pAZmuHj0r1nIHTTyKiBZD4r492VZBa6fVWvXiLEfSthX3kJcxJnocTpd8NID64dpHustyap1W2ZUXZFHnSV15b4eTncv0CJa-lZR4YpK-uJBlY2T9bgCNYlDw61ZgQmRuMgM6kBgSyMwNlPadLfj3h_APVvOHk:1wUiUY:G6EFvjIowFmpGNDGv0p54LSKMissaxhQCUZersDQuCc", "expire_date": "2026-06-17T10:06:30.616Z"}}, {"model": "sessions.session", "pk": "y9eczyxukmcluox12cb1tv45zbgyfi9u", "fields": {"session_data": ".eJxVjEsOAiEQBe_C2pAZmuHj0r1nIHTTyKiBZD4r492VZBa6fVWvXiLEfSthX3kJcxJnocTpd8NID64dpHustyap1W2ZUXZFHnSV15b4eTncv0CJa-lZR4YpK-uJBlY2T9bgCNYlDw61ZgQmRuMgM6kBgSyMwNlPadLfj3h_APVvOHk:1wZp1b:Q8vlhJaV5D5rQ9Y49HVcj0KuvAxejyx5vdRJx75yX7c", "expire_date": "2026-07-01T12:05:43.199Z"}}, {"model": "sessions.session", "pk": "ysfl0cofugxos2450imxo8f3aryh7ocx", "fields": {"session_data": ".eJxVjEEOwiAQRe_C2pAWEBiX7j0DGWBGqoYmpV0Z725JutDkr_57eW8RcFtL2BotYcriIkCcfr-I6Um1g_zAep9lmuu6TFF2RR60yduc6XU93L9AwVZ69mzZkI16H2g7JGbi0TgL3juTlPGs1QA7ZYMYMyhNDGRQAzs1KvH5AttMN5w:1wTMrv:mxVRCMe_MZx9RuXJPWW-2xcwVeSGvNPbShfur0Y4wjM", "expire_date": "2026-06-13T16:49:03.022Z"}}, {"model": "sessions.session", "pk": "yt9apo9rbrgx5gqtjzbyx1tdn5427nhi", "fields": {"session_data": ".eJxVjDkOwjAUBe_iGlkYf2-U9DlD9BeDA8iW4qRC3B0ipYD2zcx7qRHXpYxrz_M4iTorpw6_GyE_ct2A3LHemuZWl3kivSl6p10PTfLzsrt_BwV7-dZggyOQhJ4DOJtMDiEgRTKYoqBhYE4-oPWR0DEYZ5J4oNP1aClCVu8P2ck3sA:1wGyGT:gtjAiE1wqkaj_q1r0saX-nC_VgaFZ67RrEXQqzcf70A", "expire_date": "2026-05-10T12:07:09.639Z"}}, {"model": "sessions.session", "pk": "zbao2g1dmsr43cvarv8cd2c7suj1xnss", "fields": {"session_data": ".eJxVjMsOwiAQRf-FtSEdyqO4dO83kBkGpGogKe3K-O_apAvd3nPOfYmA21rC1tMSZhZnYcTpdyOMj1R3wHestyZjq-syk9wVedAur43T83K4fwcFe_nWQA4UDehAs9VJWbTKDgY5x6iSMpMl1MplBPA0ch5BZ9IwgkeOE3nx_gDbRjfn:1wX5nr:lFnBNKgYo864QwqbJzI73ytyzvY7tjrJbD6TC_aZHbo", "expire_date": "2026-06-23T23:24:15.834Z"}}, {"model": "admin_interface.theme", "pk": 1, "fields": {"name": "Django", "active": false, "title": "Django administration", "title_color": "#F5DD5D", "title_visible": false, "logo": "", "logo_color": "#FFFFFF", "logo_max_width": 400, "logo_max_height": 100, "logo_visible": true, "favicon": "admin-interface/favicon/daarullogo.jpg", "env_name": "DAARUL BAYAAN", "env_color": "#E74C3C", "env_visible_in_header": true, "env_visible_in_favicon": true, "language_chooser_active": true, "language_chooser_control": "default-select", "language_chooser_display": "name", "css_header_background_color": "#0C4B33", "css_header_text_color": "#44B78B", "css_header_link_color": "#FFFFFF", "css_header_link_hover_color": "#C9F0DD", "css_module_background_color": "#44B78B", "css_module_background_selected_color": "#FFFFCC", "css_module_text_color": "#FFFFFF", "css_module_link_color": "#FFFFFF", "css_module_link_selected_color": "#FFFFFF", "css_module_link_hover_color": "#C9F0DD", "css_module_rounded_corners": true, "css_generic_link_color": "#0C3C26", "css_generic_link_hover_color": "#156641", "css_generic_link_active_color": "#29B864", "css_save_button_background_color": "#0C4B33", "css_save_button_background_hover_color": "#0C3C26", "css_save_button_text_color": "#FFFFFF", "css_delete_button_background_color": "#BA2121", "css_delete_button_background_hover_color": "#A41515", "css_delete_button_text_color": "#FFFFFF", "related_modal_active": true, "related_modal_background_color": "#000000", "related_modal_background_opacity": "0.3", "related_modal_rounded_corners": true, "related_modal_close_button_visible": true, "list_filter_highlight": true, "list_filter_dropdown": true, "list_filter_sticky": true, "list_filter_removal_links": true, "foldable_apps": true, "show_fieldsets_as_tabs": true, "show_inlines_as_tabs": true, "collapsible_stacked_inlines": true, "collapsible_stacked_inlines_collapsed": true, "collapsible_tabular_inlines": true, "collapsible_tabular_inlines_collapsed": true, "recent_actions_visible": true, "form_actions_sticky": true, "form_submit_sticky": true, "form_pagination_sticky": true}}, {"model": "admin_interface.theme", "pk": 2, "fields": {"name": "DAARUL BAYAAN ISLAMIC SCHOOL", "active": true, "title": "Django administration", "title_color": "#715df5", "title_visible": true, "logo": "admin-interface/logo/daarullogo.jpg", "logo_color": "#ffffff", "logo_max_width": 400, "logo_max_height": 100, "logo_visible": true, "favicon": "admin-interface/favicon/daarullogo_wvE6OZh.jpg", "env_name": "DAARUL BAYAAN", "env_color": "#8c3ce8", "env_visible_in_header": true, "env_visible_in_favicon": true, "language_chooser_active": true, "language_chooser_control": "default-select", "language_chooser_display": "name", "css_header_background_color": "#0C4B33", "css_header_text_color": "#44B78B", "css_header_link_color": "#FFFFFF", "css_header_link_hover_color": "#C9F0DD", "css_module_background_color": "#44B78B", "css_module_background_selected_color": "#e6e6d9", "css_module_text_color": "#FFFFFF", "css_module_link_color": "#FFFFFF", "css_module_link_selected_color": "#FFFFFF", "css_module_link_hover_color": "#C9F0DD", "css_module_rounded_corners": true, "css_generic_link_color": "#0C3C26", "css_generic_link_hover_color": "#156641", "css_generic_link_active_color": "#29B864", "css_save_button_background_color": "#0C4B33", "css_save_button_background_hover_color": "#0C3C26", "css_save_button_text_color": "#FFFFFF", "css_delete_button_background_color": "#BA2111", "css_delete_button_background_hover_color": "#A41515", "css_delete_button_text_color": "#FFFFFF", "related_modal_active": true, "related_modal_background_color": "#000022", "related_modal_background_opacity": "0.3", "related_modal_rounded_corners": true, "related_modal_close_button_visible": true, "list_filter_highlight": true, "list_filter_dropdown": true, "list_filter_sticky": true, "list_filter_removal_links": true, "foldable_apps": true, "show_fieldsets_as_tabs": true, "show_inlines_as_tabs": true, "collapsible_stacked_inlines": true, "collapsible_stacked_inlines_collapsed": true, "collapsible_tabular_inlines": true, "collapsible_tabular_inlines_collapsed": true, "recent_actions_visible": true, "form_actions_sticky": true, "form_submit_sticky": true, "form_pagination_sticky": true}}, {"model": "settingsapp.schoolsettings", "pk": 1, "fields": {"school_name": "Daarul Bayaan Islamic School", "motto": "Knowledge for the Fear of God", "logo": "logos/daarullogo_6DMUZ3B.jpg", "primary_color": "#7a007b", "secondary_color": "#03be00", "accent_color": "#fcaf00", "background_color": "#c2c2c2", "text_color": "#202040", "heading_text_color": "#1e1a1a", "icon_plate_color": "#00d1d1", "header_heading_color": "#ece9e4", "icon_color": "#f87600", "homepage_welcome_text": "Welcome to the official digital platform of DAARUL BAYAAN ISLAMIC SCHOOL — a place designed to make learning, communication, and school management easier, faster, and more accessible for everyone. We provide a balanced education that combines Western and Islamic studies, including modern fields such as STEM and Robotics.", "homepage_video_description": "", "homepage_video": "videos/IMG_0373.mov", "homepage_video_url": null, "admin_email": "daarulbayaanis@gmail.com", "admin_email_cc": "akaydking@gmail.com", "send_account_creation_email": true, "send_contact_message_email": true, "send_application_email": true, "account_creation_email_subject": "New Account Created - {school_name}", "contact_message_email_subject": "New Contact Message - {school_name}", "application_email_subject": "New Application Received - {school_name}", "school_address": "Aba Ege, Wire and Cable, Apata, Ibadan.", "school_phone": "08145430107", "school_email": "daarulbayaanis@gmail.com", "footer_copyright_text": "© 2026 Daarul Bayaan Islamic School. All Rights Reserved.", "footer_copyright_link": null}}, {"model": "settingsapp.pagetheme", "pk": 1, "fields": {"page_name": "contact", "page_display_name": "CONTACT PAGE", "url_pattern": "/contact/", "is_enabled": true, "primary_color": "#4b2e83", "secondary_color": "#7f5af0", "accent_color": "#ffc107", "background_color": "#f5f5ff", "text_color": "#202040", "heading_text_color": "#2a2a2a", "icon_plate_color": "#e8e0ff", "header_heading_color": "#ffffff", "icon_color": "#4b2e83"}}, {"model": "settingsapp.galleryimage", "pk": 5, "fields": {"school_settings": 1, "image": "gallery/images/IMG_3522.jpeg", "video": "", "homepage_video_url": null, "title": "", "description": "", "order": 1, "created_at": "2026-04-21T19:29:55.106Z", "updated_at": "2026-04-21T22:15:45.845Z"}}, {"model": "settingsapp.galleryimage", "pk": 8, "fields": {"school_settings": 1, "image": "gallery/images/daarullogo_wfbdlsk.jpg", "video": "", "homepage_video_url": null, "title": "", "description": "", "order": 0, "created_at": "2026-04-22T12:56:44.608Z", "updated_at": "2026-04-22T12:56:44.608Z"}}, {"model": "accounts.profile", "pk": 2, "fields": {"user": 2, "requested_group": "Teacher", "is_approved": true, "requested_at": "2026-04-20T05:52:27.915Z", "approved_at": "2026-04-16T15:26:04Z", "approved_by": 1}}, {"model": "accounts.profile", "pk": 5, "fields": {"user": 5, "requested_group": "Staff", "is_approved": true, "requested_at": "2026-04-20T08:20:30.875Z", "approved_at": "2026-04-20T08:21:14Z", "approved_by": 1}}, {"model": "accounts.profile", "pk": 8, "fields": {"user": 8, "requested_group": "Teacher", "is_approved": true, "requested_at": "2026-04-29T09:40:24.672Z", "approved_at": "2026-04-29T09:46:13Z", "approved_by": 1}}, {"model": "accounts.profile", "pk": 9, "fields": {"user": 3, "requested_group": "Student", "is_approved": true, "requested_at": "2026-04-29T11:33:18.496Z", "approved_at": "2026-04-29T11:33:05Z", "approved_by": 1}}, {"model": "accounts.profile", "pk": 10, "fields": {"user": 9, "requested_group": "Teacher", "is_approved": true, "requested_at": "2026-05-13T08:59:15.621Z", "approved_at": "2026-05-13T09:00:28Z", "approved_by": 1}}, {"model": "accounts.profile", "pk": 11, "fields": {"user": 7, "requested_group": "Teacher", "is_approved": true, "requested_at": "2026-05-21T22:24:41.502Z", "approved_at": "2026-05-21T22:24:35Z", "approved_by": 1}}, {"model": "students.student", "pk": 1, "fields": {"admission_no": "777", "surname": "BAMIGBOLA", "other_names": "MUWAFFAQOH DOLAPO", "dob": "2020-05-31", "gender": "F", "student_class": null, "photo": "", "status": "transferred", "date_left": null, "guardian_name": "", "guardian_relationship": "", "guardian_phone": "", "guardian_email": "", "guardian_address": "", "guardian_occupation": "", "guardian_employer": "", "emergency_contact_name": "", "emergency_contact_phone": "", "user": null}}, {"model": "students.student", "pk": 2, "fields": {"admission_no": "", "surname": "Afolabi", "other_names": "Sodiq Abioye", "dob": "1993-09-10", "gender": "M", "student_class": 6, "photo": "", "status": "active", "date_left": null, "guardian_name": "", "guardian_relationship": "", "guardian_phone": "", "guardian_email": "", "guardian_address": "", "guardian_occupation": "", "guardian_employer": "", "emergency_contact_name": "", "emergency_contact_phone": "", "user": null}}, {"model": "students.student", "pk": 3, "fields": {"admission_no": "25/26DB003", "surname": "SOLIHA", "other_names": "BAMIGBOLA FOLASHADE", "dob": "2024-04-15", "gender": "F", "student_class": 1, "photo": "", "status": "active", "date_left": null, "guardian_name": "Mr& Mrs Bamigbola", "guardian_relationship": "Parent", "guardian_phone": "08108970960", "guardian_email": "dhikrozakariyya222@gmail.com", "guardian_address": "No 20 Zone E Oluwatedo crescent Aba ege wire and cable Apata Ibadan", "guardian_occupation": "Teacher", "guardian_employer": "Self employed", "emergency_contact_name": "Zakariyya Dhikroh", "emergency_contact_phone": "08108970960", "user": null}}, {"model": "students.student", "pk": 4, "fields": {"admission_no": "25/26DB002", "surname": "AISHA", "other_names": "BAMIGBOLA OLAWUMI", "dob": "2022-03-26", "gender": "F", "student_class": 3, "photo": "", "status": "active", "date_left": null, "guardian_name": "BAMIGBOLA", "guardian_relationship": "PARENT", "guardian_phone": "08108970960", "guardian_email": "dhizrozakariyya222@gmail.com", "guardian_address": "Oluwatedo crescent,Aba Ege, wire and cable,Apata,Ibadan", "guardian_occupation": "Teacher", "guardian_employer": "Self employed", "emergency_contact_name": "08108970960", "emergency_contact_phone": "07064475386", "user": null}}, {"model": "students.student", "pk": 5, "fields": {"admission_no": "25/26DB001", "surname": "BAMIGBOLA", "other_names": "MUWAFFAQOH DOLAPO", "dob": "2020-05-31", "gender": "F", "student_class": 5, "photo": "", "status": "active", "date_left": null, "guardian_name": "BAMIGBOLA", "guardian_relationship": "PARENT", "guardian_phone": "08108970960", "guardian_email": "byofas@gmail.com", "guardian_address": "Oluwatedo crescent,Aba Ege,wire and cable,Apata,Ibadan", "guardian_occupation": "Self employed", "guardian_employer": "Self employed", "emergency_contact_name": "08108970960", "emergency_contact_phone": "07064475386", "user": 3}}, {"model": "students.student", "pk": 6, "fields": {"admission_no": "25/26DB004", "surname": "EMIOLA", "other_names": "ABDULQOYYUM ATANDA", "dob": "2023-11-04", "gender": "M", "student_class": 1, "photo": "", "status": "active", "date_left": null, "guardian_name": "EMIOLA", "guardian_relationship": "PARENT", "guardian_phone": "08127427569", "guardian_email": "DAARULBAYAANIS@GMAIL.COM", "guardian_address": "Zone C, Oluwatedo crescent,Aba Ege,wire and cable,Apata,Ibadan.", "guardian_occupation": "SELF EMPLOYED", "guardian_employer": "SELF EMPLOYED", "emergency_contact_name": "08127427569", "emergency_contact_phone": "08056759132", "user": 9}}, {"model": "students.studentapplication", "pk": 3, "fields": {"admission_number_requested": "25/26DB001", "first_name": "MUWAFFAQOH", "last_name": "BAMIGBOLA", "other_names": "DOLAPO", "dob": "2020-05-31", "gender": "F", "desired_class": 5, "current_school": "None", "student_address": "Oluwatedo crescent, Aba Ege, wire and cable,Apata,Ibadan", "student_phone": "081088970960", "student_email": "byofas@gmail.com", "previous_school": "Arahmon", "medical_information": "None", "special_needs": "None", "guardian_name": "BAMIGBOLA", "guardian_relationship": "PARENT", "guardian_phone": "08108970960", "guardian_email": "byofas@gmail.com", "guardian_address": "Oluwatedo crescent,Aba Ege,wire and cable,Apata,Ibadan", "guardian_occupation": "Self employed", "guardian_employer": "Self employed", "emergency_contact_name": "08108970960", "emergency_contact_phone": "07064475386", "application_date": "2026-04-29T10:04:19.421Z", "status": "accepted", "reviewer_notes": "", "submitted_by": null, "reviewed_by": null}}, {"model": "students.studentapplication", "pk": 4, "fields": {"admission_number_requested": "25/26DB002", "first_name": "BAMIGBOLA", "last_name": "AISHA", "other_names": "OLAWUMI", "dob": "2022-03-26", "gender": "F", "desired_class": 3, "current_school": "None", "student_address": "Oluwatedo crescent, Aba Ege,wire and cable,Apata,Ibadan", "student_phone": "081088970960", "student_email": "dhizrozakariyya222@gmail.com", "previous_school": "None", "medical_information": "Eyes issue", "special_needs": "Always use glasses", "guardian_name": "BAMIGBOLA", "guardian_relationship": "PARENT", "guardian_phone": "08108970960", "guardian_email": "dhizrozakariyya222@gmail.com", "guardian_address": "Oluwatedo crescent,Aba Ege, wire and cable,Apata,Ibadan", "guardian_occupation": "Teacher", "guardian_employer": "Self employed", "emergency_contact_name": "08108970960", "emergency_contact_phone": "07064475386", "application_date": "2026-04-29T10:19:46.549Z", "status": "accepted", "reviewer_notes": "", "submitted_by": null, "reviewed_by": null}}, {"model": "students.studentapplication", "pk": 5, "fields": {"admission_number_requested": "25/26DB003", "first_name": "BAMIGBOLA", "last_name": "SOLIHA", "other_names": "FOLASHADE", "dob": "2024-04-15", "gender": "F", "desired_class": 1, "current_school": "None", "student_address": "No 20 Zone E Oluwatedo crescent Aba ege wire and cable Apata Ibadan", "student_phone": "08108970960", "student_email": "dhikrozakariyya222@gmail.com", "previous_school": "None", "medical_information": "None", "special_needs": "None", "guardian_name": "Mr& Mrs Bamigbola", "guardian_relationship": "Parent", "guardian_phone": "08108970960", "guardian_email": "dhikrozakariyya222@gmail.com", "guardian_address": "No 20 Zone E Oluwatedo crescent Aba ege wire and cable Apata Ibadan", "guardian_occupation": "Teacher", "guardian_employer": "Self employed", "emergency_contact_name": "Zakariyya Dhikroh", "emergency_contact_phone": "08108970960", "application_date": "2026-04-29T10:30:54.609Z", "status": "accepted", "reviewer_notes": "", "submitted_by": null, "reviewed_by": null}}, {"model": "students.studentapplication", "pk": 6, "fields": {"admission_number_requested": "25/26DB004", "first_name": "ABDULQOYYUM", "last_name": "EMIOLA", "other_names": "ATANDA", "dob": "2023-11-04", "gender": "M", "desired_class": 1, "current_school": "None", "student_address": "Zone C, Oluwatedo crescent,Aba Ege, wire and cable, Apata,Ibadan", "student_phone": "08056759132", "student_email": "Daarulbayaanis@gmail.com", "previous_school": "None", "medical_information": "None", "special_needs": "None", "guardian_name": "EMIOLA", "guardian_relationship": "PARENT", "guardian_phone": "08127427569", "guardian_email": "DAARULBAYAANIS@GMAIL.COM", "guardian_address": "Zone C, Oluwatedo crescent,Aba Ege,wire and cable,Apata,Ibadan.", "guardian_occupation": "SELF EMPLOYED", "guardian_employer": "SELF EMPLOYED", "emergency_contact_name": "08127427569", "emergency_contact_phone": "08056759132", "application_date": "2026-04-29T11:29:17.947Z", "status": "accepted", "reviewer_notes": "", "submitted_by": null, "reviewed_by": null}}, {"model": "students.studentpermission", "pk": 1, "fields": {"student": 1, "permission": "view_own_profile", "is_granted": true, "granted_at": "2026-04-28T12:23:23.129Z", "granted_by": null, "notes": ""}}, {"model": "students.studentpermission", "pk": 2, "fields": {"student": 5, "permission": "view_own_profile", "is_granted": true, "granted_at": "2026-05-02T23:14:38.666Z", "granted_by": 5, "notes": ""}}, {"model": "students.studentpermission", "pk": 3, "fields": {"student": 5, "permission": "view_own_results", "is_granted": true, "granted_at": "2026-05-07T22:06:51.893Z", "granted_by": 5, "notes": ""}}, {"model": "students.studentpermission", "pk": 4, "fields": {"student": 5, "permission": "download_report_card", "is_granted": true, "granted_at": "2026-05-07T22:06:51.963Z", "granted_by": 5, "notes": ""}}, {"model": "students.studentpermission", "pk": 5, "fields": {"student": 5, "permission": "view_own_fees", "is_granted": true, "granted_at": "2026-05-07T22:06:52.023Z", "granted_by": 5, "notes": ""}}, {"model": "students.studentpermission", "pk": 6, "fields": {"student": 5, "permission": "view_class_timetable", "is_granted": true, "granted_at": "2026-05-07T22:06:52.089Z", "granted_by": 5, "notes": ""}}, {"model": "students.studentpermission", "pk": 7, "fields": {"student": 5, "permission": "view_class_announcements", "is_granted": true, "granted_at": "2026-05-07T22:06:52.152Z", "granted_by": 5, "notes": ""}}, {"model": "students.studentpermission", "pk": 8, "fields": {"student": 5, "permission": "submit_assignments", "is_granted": true, "granted_at": "2026-05-07T22:06:52.202Z", "granted_by": 5, "notes": ""}}, {"model": "students.studentpermission", "pk": 9, "fields": {"student": 5, "permission": "view_attendance", "is_granted": true, "granted_at": "2026-05-07T22:06:52.257Z", "granted_by": 5, "notes": ""}}, {"model": "students.studentpermission", "pk": 10, "fields": {"student": 5, "permission": "contact_teacher", "is_granted": true, "granted_at": "2026-05-07T22:06:52.319Z", "granted_by": 5, "notes": ""}}, {"model": "students.studentpermission", "pk": 11, "fields": {"student": 5, "permission": "access_portal", "is_granted": true, "granted_at": "2026-05-07T22:06:52.370Z", "granted_by": 5, "notes": ""}}, {"model": "students.studentpermission", "pk": 12, "fields": {"student": 6, "permission": "view_own_profile", "is_granted": true, "granted_at": "2026-05-13T17:09:08.882Z", "granted_by": 5, "notes": ""}}, {"model": "students.studentpermission", "pk": 13, "fields": {"student": 6, "permission": "view_own_results", "is_granted": true, "granted_at": "2026-05-13T17:09:08.929Z", "granted_by": 5, "notes": ""}}, {"model": "students.studentpermission", "pk": 14, "fields": {"student": 6, "permission": "download_report_card", "is_granted": true, "granted_at": "2026-05-13T17:09:08.977Z", "granted_by": 5, "notes": ""}}, {"model": "students.studentpermission", "pk": 15, "fields": {"student": 6, "permission": "view_own_fees", "is_granted": true, "granted_at": "2026-05-13T17:09:09.023Z", "granted_by": 5, "notes": ""}}, {"model": "students.studentpermission", "pk": 16, "fields": {"student": 6, "permission": "view_class_timetable", "is_granted": true, "granted_at": "2026-05-13T17:09:09.070Z", "granted_by": 5, "notes": ""}}, {"model": "students.studentpermission", "pk": 17, "fields": {"student": 6, "permission": "view_class_announcements", "is_granted": true, "granted_at": "2026-05-13T17:09:09.120Z", "granted_by": 5, "notes": ""}}, {"model": "students.studentpermission", "pk": 18, "fields": {"student": 6, "permission": "submit_assignments", "is_granted": true, "granted_at": "2026-05-13T17:09:09.168Z", "granted_by": 5, "notes": ""}}, {"model": "students.studentpermission", "pk": 19, "fields": {"student": 6, "permission": "view_attendance", "is_granted": true, "granted_at": "2026-05-13T17:09:09.216Z", "granted_by": 5, "notes": ""}}, {"model": "students.studentpermission", "pk": 20, "fields": {"student": 6, "permission": "contact_teacher", "is_granted": true, "granted_at": "2026-05-13T17:09:09.264Z", "granted_by": 5, "notes": ""}}, {"model": "students.studentpermission", "pk": 21, "fields": {"student": 6, "permission": "access_portal", "is_granted": true, "granted_at": "2026-05-13T17:09:09.313Z", "granted_by": 5, "notes": ""}}, {"model": "exams.term", "pk": 3, "fields": {"name": "third", "display_name": "Third Term", "academic_year": "2025/2026", "start_date": null, "end_date": null, "is_active": true}}, {"model": "exams.term", "pk": 6, "fields": {"name": "first", "display_name": "First Term", "academic_year": "2025/2026", "start_date": null, "end_date": null, "is_active": true}}, {"model": "exams.term", "pk": 7, "fields": {"name": "second", "display_name": "Second Term", "academic_year": "2025/2026", "start_date": null, "end_date": null, "is_active": true}}, {"model": "exams.term", "pk": 8, "fields": {"name": "first", "display_name": "First Term", "academic_year": "2024/2025", "start_date": null, "end_date": null, "is_active": false}}, {"model": "exams.term", "pk": 9, "fields": {"name": "second", "display_name": "Second Term", "academic_year": "2024/2025", "start_date": null, "end_date": null, "is_active": false}}, {"model": "exams.term", "pk": 10, "fields": {"name": "third", "display_name": "Third Term", "academic_year": "2024/2025", "start_date": null, "end_date": null, "is_active": false}}, {"model": "exams.subject", "pk": 1, "fields": {"name": "Mathematics", "code": "MATH", "description": "", "is_active": true}}, {"model": "exams.subject", "pk": 2, "fields": {"name": "English Language", "code": "ENG", "description": "", "is_active": true}}, {"model": "exams.subject", "pk": 3, "fields": {"name": "Basic Science", "code": "BSC", "description": "", "is_active": true}}, {"model": "exams.subject", "pk": 4, "fields": {"name": "Social Studies", "code": "SOS", "description": "", "is_active": true}}, {"model": "exams.subject", "pk": 5, "fields": {"name": "Civic Education", "code": "CIV", "description": "", "is_active": true}}, {"model": "exams.subject", "pk": 6, "fields": {"name": "Computer Studies", "code": "COM", "description": "", "is_active": true}}, {"model": "exams.subject", "pk": 7, "fields": {"name": "Home Economics", "code": "HEC", "description": "", "is_active": true}}, {"model": "exams.subject", "pk": 8, "fields": {"name": "Agricultural Science", "code": "AGS", "description": "", "is_active": true}}, {"model": "exams.subject", "pk": 9, "fields": {"name": "Physical Education", "code": "PED", "description": "", "is_active": true}}, {"model": "exams.subject", "pk": 10, "fields": {"name": "Islamic Studies", "code": "ISR", "description": "", "is_active": true}}, {"model": "exams.subject", "pk": 12, "fields": {"name": "Hausa Language", "code": "HAU", "description": "", "is_active": true}}, {"model": "exams.subject", "pk": 13, "fields": {"name": "Arabic Language", "code": "ARB", "description": "", "is_active": true}}, {"model": "exams.subject", "pk": 14, "fields": {"name": "French Language", "code": "FRE", "description": "", "is_active": true}}, {"model": "exams.subject", "pk": 15, "fields": {"name": "Fine Arts", "code": "ART", "description": "", "is_active": true}}, {"model": "exams.subject", "pk": 16, "fields": {"name": "Music", "code": "MUS", "description": "", "is_active": true}}, {"model": "exams.subject", "pk": 17, "fields": {"name": "Numeracy", "code": "NUM", "description": "", "is_active": true}}, {"model": "exams.subject", "pk": 18, "fields": {"name": "Literacy", "code": "LIT", "description": "", "is_active": true}}, {"model": "exams.subject", "pk": 19, "fields": {"name": "Quantitative reasoning", "code": "Q/R", "description": "", "is_active": true}}, {"model": "exams.subject", "pk": 20, "fields": {"name": "Verbal reasoning", "code": "V/R", "description": "", "is_active": true}}, {"model": "exams.subject", "pk": 21, "fields": {"name": "Writing", "code": "Wri", "description": "", "is_active": true}}, {"model": "exams.subject", "pk": 22, "fields": {"name": "Quran", "code": "Qur", "description": "", "is_active": true}}, {"model": "exams.classsubject", "pk": 1, "fields": {"school_class": 5, "subject": 1, "is_compulsory": true, "order": 0}}, {"model": "exams.classsubject", "pk": 2, "fields": {"school_class": 5, "subject": 6, "is_compulsory": true, "order": 3}}, {"model": "exams.classsubject", "pk": 3, "fields": {"school_class": 5, "subject": 2, "is_compulsory": true, "order": 1}}, {"model": "exams.classsubject", "pk": 5, "fields": {"school_class": 5, "subject": 13, "is_compulsory": true, "order": 2}}, {"model": "exams.classsubject", "pk": 6, "fields": {"school_class": 1, "subject": 18, "is_compulsory": true, "order": 1}}, {"model": "exams.classsubject", "pk": 7, "fields": {"school_class": 1, "subject": 17, "is_compulsory": true, "order": 2}}, {"model": "exams.classsubject", "pk": 16, "fields": {"school_class": 3, "subject": 5, "is_compulsory": true, "order": 5}}, {"model": "exams.classsubject", "pk": 18, "fields": {"school_class": 3, "subject": 15, "is_compulsory": true, "order": 3}}, {"model": "exams.classsubject", "pk": 19, "fields": {"school_class": 3, "subject": 18, "is_compulsory": true, "order": 4}}, {"model": "exams.classsubject", "pk": 20, "fields": {"school_class": 3, "subject": 17, "is_compulsory": true, "order": 5}}, {"model": "exams.classsubject", "pk": 21, "fields": {"school_class": 3, "subject": 13, "is_compulsory": true, "order": 5}}, {"model": "exams.classsubject", "pk": 22, "fields": {"school_class": 3, "subject": 10, "is_compulsory": true, "order": 6}}, {"model": "exams.classsubject", "pk": 23, "fields": {"school_class": 3, "subject": 9, "is_compulsory": true, "order": 7}}, {"model": "exams.classsubject", "pk": 24, "fields": {"school_class": 3, "subject": 4, "is_compulsory": true, "order": 8}}, {"model": "exams.classsubject", "pk": 25, "fields": {"school_class": 6, "subject": 1, "is_compulsory": true, "order": 1}}, {"model": "exams.classsubject", "pk": 26, "fields": {"school_class": 6, "subject": 2, "is_compulsory": true, "order": 2}}, {"model": "exams.classsubject", "pk": 27, "fields": {"school_class": 6, "subject": 3, "is_compulsory": true, "order": 3}}, {"model": "exams.classsubject", "pk": 28, "fields": {"school_class": 6, "subject": 4, "is_compulsory": true, "order": 4}}, {"model": "exams.classsubject", "pk": 29, "fields": {"school_class": 6, "subject": 5, "is_compulsory": true, "order": 5}}, {"model": "exams.classsubject", "pk": 30, "fields": {"school_class": 6, "subject": 6, "is_compulsory": true, "order": 6}}, {"model": "exams.classsubject", "pk": 31, "fields": {"school_class": 6, "subject": 7, "is_compulsory": true, "order": 7}}, {"model": "exams.classsubject", "pk": 32, "fields": {"school_class": 6, "subject": 8, "is_compulsory": true, "order": 8}}, {"model": "exams.classsubject", "pk": 33, "fields": {"school_class": 6, "subject": 9, "is_compulsory": true, "order": 9}}, {"model": "exams.classsubject", "pk": 34, "fields": {"school_class": 6, "subject": 10, "is_compulsory": true, "order": 10}}, {"model": "exams.classsubject", "pk": 36, "fields": {"school_class": 6, "subject": 12, "is_compulsory": true, "order": 12}}, {"model": "exams.classsubject", "pk": 37, "fields": {"school_class": 6, "subject": 13, "is_compulsory": true, "order": 13}}, {"model": "exams.classsubject", "pk": 38, "fields": {"school_class": 6, "subject": 14, "is_compulsory": true, "order": 14}}, {"model": "exams.classsubject", "pk": 39, "fields": {"school_class": 6, "subject": 15, "is_compulsory": true, "order": 15}}, {"model": "exams.classsubject", "pk": 40, "fields": {"school_class": 6, "subject": 16, "is_compulsory": true, "order": 16}}, {"model": "exams.classsubject", "pk": 41, "fields": {"school_class": 6, "subject": 17, "is_compulsory": true, "order": 17}}, {"model": "exams.classsubject", "pk": 42, "fields": {"school_class": 6, "subject": 18, "is_compulsory": true, "order": 18}}, {"model": "exams.classsubject", "pk": 43, "fields": {"school_class": 5, "subject": 3, "is_compulsory": true, "order": 5}}, {"model": "exams.classsubject", "pk": 44, "fields": {"school_class": 5, "subject": 5, "is_compulsory": true, "order": 6}}, {"model": "exams.classsubject", "pk": 45, "fields": {"school_class": 5, "subject": 15, "is_compulsory": true, "order": 7}}, {"model": "exams.classsubject", "pk": 46, "fields": {"school_class": 5, "subject": 10, "is_compulsory": true, "order": 8}}, {"model": "exams.classsubject", "pk": 47, "fields": {"school_class": 5, "subject": 4, "is_compulsory": true, "order": 9}}, {"model": "exams.classsubject", "pk": 48, "fields": {"school_class": 5, "subject": 19, "is_compulsory": true, "order": 10}}, {"model": "exams.classsubject", "pk": 49, "fields": {"school_class": 5, "subject": 22, "is_compulsory": true, "order": 11}}, {"model": "exams.classsubject", "pk": 50, "fields": {"school_class": 5, "subject": 20, "is_compulsory": true, "order": 12}}, {"model": "exams.classsubject", "pk": 51, "fields": {"school_class": 5, "subject": 21, "is_compulsory": true, "order": 13}}, {"model": "exams.examtype", "pk": 1, "fields": {"name": "Test", "assessment_type": "test", "max_score": "40.00", "weight_percentage": "40.00", "description": "Class test or continuous assessment", "is_active": true}}, {"model": "exams.examtype", "pk": 2, "fields": {"name": "Exam", "assessment_type": "exam", "max_score": "60.00", "weight_percentage": "60.00", "description": "Final examination", "is_active": true}}, {"model": "exams.exam", "pk": 5, "fields": {"name": "STUDENTS", "term": 3, "school_class": 3, "exam_type": 1, "date": "2026-05-12", "is_active": true}}, {"model": "exams.exam", "pk": 6, "fields": {"name": "English", "term": 3, "school_class": 1, "exam_type": 2, "date": "2026-06-03", "is_active": true}}, {"model": "exams.exampaper", "pk": 1, "fields": {"subject": 1, "school_class": 1, "teacher": 2, "term": 3, "academic_session": "2025/2026", "duration": "1hour", "total_marks": 60, "instructions": "Answer all questions", "status": "approved", "approval_status": "draft", "approval_notes": "", "approved_by": null, "submitted_at": null, "approved_at": "2026-06-09T04:08:33.155Z", "created_at": "2026-06-06T05:37:36.435Z", "updated_at": "2026-06-09T04:08:33.155Z"}}, {"model": "exams.exampaper", "pk": 2, "fields": {"subject": 1, "school_class": 1, "teacher": 2, "term": 3, "academic_session": "2025/2026", "duration": "1hour", "total_marks": 60, "instructions": "Nothing to say", "status": "draft", "approval_status": "draft", "approval_notes": "", "approved_by": null, "submitted_at": null, "approved_at": null, "created_at": "2026-06-06T06:12:28.083Z", "updated_at": "2026-06-06T06:16:14.713Z"}}, {"model": "exams.exampaper", "pk": 3, "fields": {"subject": 13, "school_class": 3, "teacher": 2, "term": 3, "academic_session": "2025/2026", "duration": "1hour", "total_marks": 100, "instructions": "nothing to say", "status": "draft", "approval_status": "draft", "approval_notes": "", "approved_by": null, "submitted_at": null, "approved_at": null, "created_at": "2026-06-06T17:37:11.228Z", "updated_at": "2026-06-06T17:58:40.481Z"}}, {"model": "exams.exampaper", "pk": 4, "fields": {"subject": 13, "school_class": 3, "teacher": 2, "term": 3, "academic_session": "2025/2026", "duration": "1hour", "total_marks": 100, "instructions": "nothing to say", "status": "draft", "approval_status": "draft", "approval_notes": "", "approved_by": null, "submitted_at": null, "approved_at": null, "created_at": "2026-06-06T17:38:51.631Z", "updated_at": "2026-06-06T17:38:51.631Z"}}, {"model": "exams.exampaper", "pk": 5, "fields": {"subject": 17, "school_class": 1, "teacher": 2, "term": 3, "academic_session": "2025/2026", "duration": "1hour", "total_marks": 60, "instructions": "Nothing to say", "status": "draft", "approval_status": "draft", "approval_notes": "", "approved_by": null, "submitted_at": null, "approved_at": null, "created_at": "2026-06-06T18:00:17.329Z", "updated_at": "2026-06-06T18:01:47.281Z"}}, {"model": "exams.exampaper", "pk": 6, "fields": {"subject": 17, "school_class": 1, "teacher": 2, "term": 3, "academic_session": "2025/2026", "duration": "1hour", "total_marks": 60, "instructions": "Nothing to say", "status": "approved", "approval_status": "draft", "approval_notes": "", "approved_by": null, "submitted_at": null, "approved_at": "2026-06-09T04:04:05.573Z", "created_at": "2026-06-06T18:03:02.817Z", "updated_at": "2026-06-09T04:04:05.574Z"}}, {"model": "exams.exampaper", "pk": 7, "fields": {"subject": 17, "school_class": 1, "teacher": 2, "term": 3, "academic_session": "2025/2026", "duration": "1hour", "total_marks": 60, "instructions": "Nothing to say", "status": "draft", "approval_status": "draft", "approval_notes": "", "approved_by": null, "submitted_at": null, "approved_at": null, "created_at": "2026-06-09T04:02:38.242Z", "updated_at": "2026-06-09T04:02:38.242Z"}}, {"model": "exams.exampaper", "pk": 8, "fields": {"subject": 17, "school_class": 1, "teacher": 2, "term": 3, "academic_session": "2025/2026", "duration": "1hour", "total_marks": 60, "instructions": "Nothing to say", "status": "draft", "approval_status": "draft", "approval_notes": "", "approved_by": null, "submitted_at": null, "approved_at": null, "created_at": "2026-06-09T04:34:05.009Z", "updated_at": "2026-06-09T04:36:34.229Z"}}, {"model": "exams.exampaper", "pk": 9, "fields": {"subject": 17, "school_class": 1, "teacher": 2, "term": 3, "academic_session": "2025/2026", "duration": "1hour", "total_marks": 60, "instructions": "Nothing to say", "status": "draft", "approval_status": "draft", "approval_notes": "", "approved_by": null, "submitted_at": null, "approved_at": null, "created_at": "2026-06-09T05:33:48.721Z", "updated_at": "2026-06-09T05:38:49.243Z"}}, {"model": "exams.exampaper", "pk": 10, "fields": {"subject": 17, "school_class": 1, "teacher": 2, "term": 3, "academic_session": "2025/2026", "duration": "1hour", "total_marks": 60, "instructions": "Nothing to say", "status": "draft", "approval_status": "draft", "approval_notes": "", "approved_by": null, "submitted_at": null, "approved_at": null, "created_at": "2026-06-09T05:40:52.297Z", "updated_at": "2026-06-09T05:45:06.527Z"}}, {"model": "exams.exampaper", "pk": 11, "fields": {"subject": 17, "school_class": 1, "teacher": 2, "term": 3, "academic_session": "2025/2026", "duration": "1hour", "total_marks": 60, "instructions": "Nothing to say", "status": "draft", "approval_status": "draft", "approval_notes": "", "approved_by": null, "submitted_at": null, "approved_at": null, "created_at": "2026-06-09T05:48:23.814Z", "updated_at": "2026-06-09T05:49:22.819Z"}}, {"model": "exams.exampaper", "pk": 12, "fields": {"subject": 17, "school_class": 1, "teacher": 2, "term": 3, "academic_session": "2025/2026", "duration": "1hour", "total_marks": 60, "instructions": "Nothing to say", "status": "draft", "approval_status": "draft", "approval_notes": "", "approved_by": null, "submitted_at": null, "approved_at": null, "created_at": "2026-06-09T05:50:37.099Z", "updated_at": "2026-06-09T05:51:07.765Z"}}, {"model": "exams.exampaper", "pk": 13, "fields": {"subject": 17, "school_class": 1, "teacher": 2, "term": 3, "academic_session": "2025/2026", "duration": "1hour", "total_marks": 60, "instructions": "Nothing to say", "status": "draft", "approval_status": "draft", "approval_notes": "", "approved_by": null, "submitted_at": null, "approved_at": null, "created_at": "2026-06-09T05:52:24.157Z", "updated_at": "2026-06-09T05:55:24.673Z"}}, {"model": "exams.exampaper", "pk": 14, "fields": {"subject": 17, "school_class": 1, "teacher": 2, "term": 3, "academic_session": "2025/2026", "duration": "1hour", "total_marks": 60, "instructions": "Nothing to say", "status": "draft", "approval_status": "draft", "approval_notes": "", "approved_by": null, "submitted_at": null, "approved_at": null, "created_at": "2026-06-09T06:01:48.381Z", "updated_at": "2026-06-09T06:05:48.861Z"}}, {"model": "exams.exampaper", "pk": 15, "fields": {"subject": 17, "school_class": 1, "teacher": 2, "term": 3, "academic_session": "2025/2026", "duration": "1hour", "total_marks": 60, "instructions": "Nothing to say", "status": "draft", "approval_status": "draft", "approval_notes": "", "approved_by": null, "submitted_at": null, "approved_at": null, "created_at": "2026-06-09T06:28:56.556Z", "updated_at": "2026-06-09T06:30:57.018Z"}}, {"model": "exams.exampaper", "pk": 16, "fields": {"subject": 17, "school_class": 1, "teacher": 2, "term": 3, "academic_session": "2025/2026", "duration": "1hour", "total_marks": 60, "instructions": "Nothing to say", "status": "draft", "approval_status": "draft", "approval_notes": "", "approved_by": null, "submitted_at": null, "approved_at": null, "created_at": "2026-06-09T07:08:17.617Z", "updated_at": "2026-06-09T07:09:17.176Z"}}, {"model": "exams.exampaper", "pk": 17, "fields": {"subject": 17, "school_class": 1, "teacher": 2, "term": 3, "academic_session": "2025/2026", "duration": "1hour", "total_marks": 60, "instructions": "Nothing to say", "status": "draft", "approval_status": "draft", "approval_notes": "", "approved_by": null, "submitted_at": null, "approved_at": null, "created_at": "2026-06-09T07:10:12.772Z", "updated_at": "2026-06-09T07:32:13.281Z"}}, {"model": "exams.exampaper", "pk": 18, "fields": {"subject": 17, "school_class": 1, "teacher": 2, "term": 3, "academic_session": "2025/2026", "duration": "1hour", "total_marks": 60, "instructions": "Nothing to say", "status": "draft", "approval_status": "draft", "approval_notes": "", "approved_by": null, "submitted_at": null, "approved_at": null, "created_at": "2026-06-09T07:33:06.302Z", "updated_at": "2026-06-09T07:42:21.593Z"}}, {"model": "exams.exampaper", "pk": 19, "fields": {"subject": 17, "school_class": 1, "teacher": 2, "term": 3, "academic_session": "2025/2026", "duration": "1hour", "total_marks": 60, "instructions": "Nothing to say", "status": "draft", "approval_status": "draft", "approval_notes": "", "approved_by": null, "submitted_at": null, "approved_at": null, "created_at": "2026-06-09T08:08:27.289Z", "updated_at": "2026-06-09T08:08:27.289Z"}}, {"model": "exams.exampaper", "pk": 20, "fields": {"subject": 17, "school_class": 1, "teacher": 2, "term": 3, "academic_session": "2025/2026", "duration": "1hour", "total_marks": 60, "instructions": "Nothing to say", "status": "draft", "approval_status": "draft", "approval_notes": "", "approved_by": null, "submitted_at": null, "approved_at": null, "created_at": "2026-06-09T08:09:46.916Z", "updated_at": "2026-06-09T09:28:17.462Z"}}, {"model": "exams.exampaper", "pk": 21, "fields": {"subject": 17, "school_class": 1, "teacher": 2, "term": 3, "academic_session": "2025/2026", "duration": "1hour", "total_marks": 60, "instructions": "Nothing to say", "status": "draft", "approval_status": "draft", "approval_notes": "", "approved_by": null, "submitted_at": null, "approved_at": null, "created_at": "2026-06-09T09:26:47.242Z", "updated_at": "2026-06-12T02:20:43.093Z"}}, {"model": "exams.exampaper", "pk": 22, "fields": {"subject": 17, "school_class": 1, "teacher": 2, "term": 3, "academic_session": "2025/2026", "duration": "1hour", "total_marks": 60, "instructions": "Nothing to say", "status": "draft", "approval_status": "draft", "approval_notes": "", "approved_by": null, "submitted_at": null, "approved_at": null, "created_at": "2026-06-09T09:28:49.776Z", "updated_at": "2026-06-09T09:29:20.201Z"}}, {"model": "exams.exampaper", "pk": 23, "fields": {"subject": 17, "school_class": 1, "teacher": 2, "term": 3, "academic_session": "2025/2026", "duration": "1hour", "total_marks": 60, "instructions": "Nothing to say", "status": "draft", "approval_status": "draft", "approval_notes": "", "approved_by": null, "submitted_at": null, "approved_at": null, "created_at": "2026-06-09T09:29:51.014Z", "updated_at": "2026-06-09T09:30:52.458Z"}}, {"model": "exams.exampaper", "pk": 24, "fields": {"subject": 17, "school_class": 1, "teacher": 2, "term": 3, "academic_session": "2025/2026", "duration": "1hour", "total_marks": 60, "instructions": "Nothing to say", "status": "draft", "approval_status": "draft", "approval_notes": "", "approved_by": null, "submitted_at": null, "approved_at": null, "created_at": "2026-06-09T09:40:50.183Z", "updated_at": "2026-06-09T09:41:20.512Z"}}, {"model": "exams.exampaper", "pk": 25, "fields": {"subject": 17, "school_class": 1, "teacher": 2, "term": 3, "academic_session": "2025/2026", "duration": "1hour", "total_marks": 60, "instructions": "Nothing to say", "status": "approved", "approval_status": "draft", "approval_notes": "", "approved_by": null, "submitted_at": null, "approved_at": "2026-06-09T23:24:46.763Z", "created_at": "2026-06-09T09:42:03.764Z", "updated_at": "2026-06-09T23:24:46.763Z"}}, {"model": "exams.exampaper", "pk": 26, "fields": {"subject": 17, "school_class": 1, "teacher": 2, "term": 3, "academic_session": "2025/2026", "duration": "1hour", "total_marks": 60, "instructions": "Nothing to say", "status": "approved", "approval_status": "draft", "approval_notes": "", "approved_by": null, "submitted_at": null, "approved_at": "2026-06-12T02:36:33.745Z", "created_at": "2026-06-12T02:25:55.150Z", "updated_at": "2026-06-12T02:36:33.745Z"}}, {"model": "exams.exampaper", "pk": 27, "fields": {"subject": 17, "school_class": 1, "teacher": 2, "term": 3, "academic_session": "2025/2026", "duration": "1hour", "total_marks": 100, "instructions": "nom", "status": "draft", "approval_status": "draft", "approval_notes": "", "approved_by": null, "submitted_at": null, "approved_at": null, "created_at": "2026-06-12T04:04:37.399Z", "updated_at": "2026-06-12T04:11:18.006Z"}}, {"model": "exams.exampaper", "pk": 28, "fields": {"subject": 17, "school_class": 1, "teacher": 2, "term": 3, "academic_session": "2025/2026", "duration": "1hour", "total_marks": 100, "instructions": "nom", "status": "draft", "approval_status": "draft", "approval_notes": "", "approved_by": null, "submitted_at": null, "approved_at": null, "created_at": "2026-06-12T04:46:25.141Z", "updated_at": "2026-06-12T04:53:55.180Z"}}, {"model": "exams.exampaper", "pk": 29, "fields": {"subject": 17, "school_class": 1, "teacher": 2, "term": 3, "academic_session": "2025/2026", "duration": "1hour", "total_marks": 100, "instructions": "nom", "status": "draft", "approval_status": "draft", "approval_notes": "", "approved_by": null, "submitted_at": null, "approved_at": null, "created_at": "2026-06-12T04:54:44.665Z", "updated_at": "2026-06-12T04:55:44.636Z"}}, {"model": "exams.examsection", "pk": 38, "fields": {"exam": 1, "title": "Section A", "section_type": "objective", "instruction": "choose the correct from option A and B", "marks_allocation": 40, "order": 1}}, {"model": "exams.examsection", "pk": 39, "fields": {"exam": 1, "title": "SECTION B", "section_type": "objective", "instruction": "Answer only three questions", "marks_allocation": 20, "order": 2}}, {"model": "exams.examsection", "pk": 48, "fields": {"exam": 2, "title": "Section A", "section_type": "objective", "instruction": "Choose from a to b", "marks_allocation": 40, "order": 1}}, {"model": "exams.examsection", "pk": 51, "fields": {"exam": 4, "title": "", "section_type": "objective", "instruction": "", "marks_allocation": 0, "order": 1}}, {"model": "exams.examsection", "pk": 85, "fields": {"exam": 3, "title": "section A", "section_type": "objective", "instruction": "answer all", "marks_allocation": 20, "order": 1}}, {"model": "exams.examsection", "pk": 88, "fields": {"exam": 5, "title": "Section A", "section_type": "objective", "instruction": "Answer all", "marks_allocation": 20, "order": 1}}, {"model": "exams.examsection", "pk": 99, "fields": {"exam": 6, "title": "Section A", "section_type": "objective", "instruction": "Answer all", "marks_allocation": 20, "order": 1}}, {"model": "exams.examsection", "pk": 100, "fields": {"exam": 7, "title": "", "section_type": "objective", "instruction": "", "marks_allocation": 0, "order": 1}}, {"model": "exams.examsection", "pk": 106, "fields": {"exam": 8, "title": "", "section_type": "objective", "instruction": "", "marks_allocation": 0, "order": 1}}, {"model": "exams.examsection", "pk": 117, "fields": {"exam": 9, "title": "", "section_type": "objective", "instruction": "", "marks_allocation": 0, "order": 1}}, {"model": "exams.examsection", "pk": 124, "fields": {"exam": 10, "title": "", "section_type": "objective", "instruction": "", "marks_allocation": 0, "order": 1}}, {"model": "exams.examsection", "pk": 127, "fields": {"exam": 11, "title": "", "section_type": "objective", "instruction": "", "marks_allocation": 0, "order": 1}}, {"model": "exams.examsection", "pk": 129, "fields": {"exam": 12, "title": "", "section_type": "objective", "instruction": "", "marks_allocation": 0, "order": 1}}, {"model": "exams.examsection", "pk": 136, "fields": {"exam": 13, "title": "", "section_type": "objective", "instruction": "", "marks_allocation": 0, "order": 1}}, {"model": "exams.examsection", "pk": 145, "fields": {"exam": 14, "title": "", "section_type": "objective", "instruction": "", "marks_allocation": 0, "order": 1}}, {"model": "exams.examsection", "pk": 150, "fields": {"exam": 15, "title": "", "section_type": "objective", "instruction": "", "marks_allocation": 0, "order": 1}}, {"model": "exams.examsection", "pk": 153, "fields": {"exam": 16, "title": "", "section_type": "objective", "instruction": "", "marks_allocation": 0, "order": 1}}, {"model": "exams.examsection", "pk": 190, "fields": {"exam": 17, "title": "", "section_type": "objective", "instruction": "", "marks_allocation": 0, "order": 1}}, {"model": "exams.examsection", "pk": 204, "fields": {"exam": 18, "title": "", "section_type": "objective", "instruction": "", "marks_allocation": 0, "order": 1}}, {"model": "exams.examsection", "pk": 205, "fields": {"exam": 19, "title": "", "section_type": "objective", "instruction": "", "marks_allocation": 0, "order": 1}}, {"model": "exams.examsection", "pk": 220, "fields": {"exam": 20, "title": "", "section_type": "objective", "instruction": "", "marks_allocation": 0, "order": 1}}, {"model": "exams.examsection", "pk": 224, "fields": {"exam": 22, "title": "", "section_type": "objective", "instruction": "", "marks_allocation": 0, "order": 1}}, {"model": "exams.examsection", "pk": 227, "fields": {"exam": 23, "title": "", "section_type": "objective", "instruction": "", "marks_allocation": 0, "order": 1}}, {"model": "exams.examsection", "pk": 229, "fields": {"exam": 24, "title": "", "section_type": "objective", "instruction": "", "marks_allocation": 0, "order": 1}}, {"model": "exams.examsection", "pk": 230, "fields": {"exam": 25, "title": "", "section_type": "objective", "instruction": "", "marks_allocation": 0, "order": 1}}, {"model": "exams.examsection", "pk": 232, "fields": {"exam": 21, "title": "", "section_type": "objective", "instruction": "", "marks_allocation": 0, "order": 1}}, {"model": "exams.examsection", "pk": 245, "fields": {"exam": 26, "title": "SECTION A", "section_type": "objective", "instruction": "DO IT ALL", "marks_allocation": 20, "order": 1}}, {"model": "exams.examsection", "pk": 257, "fields": {"exam": 27, "title": "", "section_type": "objective", "instruction": "", "marks_allocation": 0, "order": 1}}, {"model": "exams.examsection", "pk": 273, "fields": {"exam": 28, "title": "", "section_type": "objective", "instruction": "", "marks_allocation": 0, "order": 1}}, {"model": "exams.examsection", "pk": 276, "fields": {"exam": 29, "title": "", "section_type": "theory", "instruction": "", "marks_allocation": 0, "order": 1}}, {"model": "exams.question", "pk": 68, "fields": {"section": 38, "question_text": "what is your name", "marks": "2.00", "order": 1, "question_type": "objective", "correct_answer": "SODIQ", "teacher_guide": "", "answer_explanation": "", "resource_notes": "", "subnumbering_style": "parent_alpha"}}, {"model": "exams.question", "pk": 69, "fields": {"section": 38, "question_text": "What is the name of your school?", "marks": "2.00", "order": 2, "question_type": "objective", "correct_answer": "daarul", "teacher_guide": "my school", "answer_explanation": "", "resource_notes": "", "subnumbering_style": "alpha"}}, {"model": "exams.question", "pk": 70, "fields": {"section": 39, "question_text": "write a composition about yourself", "marks": "10.00", "order": 1, "question_type": "theory", "correct_answer": "yourself", "teacher_guide": "", "answer_explanation": "", "resource_notes": "", "subnumbering_style": "parent_alpha"}}, {"model": "exams.question", "pk": 71, "fields": {"section": 39, "question_text": "mention 2 of your friends", "marks": "10.00", "order": 2, "question_type": "theory", "correct_answer": "depends", "teacher_guide": "your disgression", "answer_explanation": "", "resource_notes": "", "subnumbering_style": "parent_alpha"}}, {"model": "exams.question", "pk": 80, "fields": {"section": 48, "question_text": "What is your name", "marks": "2.00", "order": 1, "question_type": "objective", "correct_answer": "A", "teacher_guide": "", "answer_explanation": "", "resource_notes": "", "subnumbering_style": "parent_alpha"}}, {"model": "exams.question", "pk": 83, "fields": {"section": 51, "question_text": "", "marks": "0.00", "order": 1, "question_type": "objective", "correct_answer": "", "teacher_guide": "", "answer_explanation": "", "resource_notes": "", "subnumbering_style": ""}}, {"model": "exams.question", "pk": 149, "fields": {"section": 85, "question_text": "whats your name", "marks": "2.00", "order": 1, "question_type": "objective", "correct_answer": "a", "teacher_guide": "", "answer_explanation": "", "resource_notes": "", "subnumbering_style": ""}}, {"model": "exams.question", "pk": 150, "fields": {"section": 85, "question_text": "what is the shape below", "marks": "2.00", "order": 2, "question_type": "objective", "correct_answer": "", "teacher_guide": "", "answer_explanation": "", "resource_notes": "<figure class=\"table\"><table><tbody><tr><td>1</td><td>2</td><td>3</td></tr><tr><td>&nbsp;</td><td>&nbsp;</td><td>&nbsp;</td></tr></tbody></table></figure>", "subnumbering_style": ""}}, {"model": "exams.question", "pk": 153, "fields": {"section": 88, "question_text": "What's your name", "marks": "2.00", "order": 1, "question_type": "objective", "correct_answer": "", "teacher_guide": "", "answer_explanation": "", "resource_notes": "<p><a href=\"https://daarulbayaan.pythonanywhere.com/media/exam_resources/94d05d35b1f94075b6913f9f597701d5.png\">View Image</a></p><p><a href=\"https://daarulbayaan.pythonanywhere.com/media/exam_resources/d3abbab6a9624cbbadaf450c00ef5293.png\">View Image</a></p>", "subnumbering_style": ""}}, {"model": "exams.question", "pk": 164, "fields": {"section": 99, "question_text": "What's your name", "marks": "2.00", "order": 1, "question_type": "objective", "correct_answer": "", "teacher_guide": "", "answer_explanation": "", "resource_notes": "<p><a href=\"https://daarulbayaan.pythonanywhere.com/media/exam_resources/c259f0d41f5942a3bb8780d9e6982857.png\">View Image</a></p>", "subnumbering_style": ""}}, {"model": "exams.question", "pk": 165, "fields": {"section": 100, "question_text": "", "marks": "0.00", "order": 1, "question_type": "objective", "correct_answer": "", "teacher_guide": "", "answer_explanation": "", "resource_notes": "", "subnumbering_style": ""}}, {"model": "exams.question", "pk": 171, "fields": {"section": 106, "question_text": "", "marks": "0.00", "order": 1, "question_type": "objective", "correct_answer": "", "teacher_guide": "", "answer_explanation": "", "resource_notes": "<figure class=\"table\"><table><tbody><tr><td>1</td><td>2</td></tr><tr><td>&nbsp;</td><td>&nbsp;</td></tr><tr><td>&nbsp;</td><td>&nbsp;</td></tr><tr><td>&nbsp;</td><td>&nbsp;</td></tr></tbody></table></figure><p><a href=\"https://daarulbayaan.pythonanywhere.com/media/exam_resources/fccc4375a7de4578a298523edec77d62.png\">View Image</a></p><p><a href=\"https://daarulbayaan.pythonanywhere.com/media/exam_resources/f25291df11db444ca89aa3cc6868b525.png\">View Image</a></p>", "subnumbering_style": ""}}, {"model": "exams.question", "pk": 182, "fields": {"section": 117, "question_text": "<figure class=\"table\"><table><tbody><tr><td>1</td><td>2</td><td>3</td></tr><tr><td>&nbsp;</td><td>&nbsp;</td><td>&nbsp;</td></tr></tbody></table></figure>", "marks": null, "order": 1, "question_type": "objective", "correct_answer": "", "teacher_guide": "", "answer_explanation": "", "resource_notes": "<figure class=\"image image-style-align-center\"><img src=\"https://daarulbayaan.pythonanywhere.com/media/exam_resources/65c12353f21341f69c92482176303258.png\" alt=\"Diagram\"></figure><p>&nbsp;</p><p>&nbsp;</p><p>Diagram</p><p>&nbsp;</p><p>Diagram</p>", "subnumbering_style": ""}}, {"model": "exams.question", "pk": 189, "fields": {"section": 124, "question_text": "", "marks": null, "order": 1, "question_type": "objective", "correct_answer": "", "teacher_guide": "", "answer_explanation": "", "resource_notes": "", "subnumbering_style": ""}}, {"model": "exams.question", "pk": 192, "fields": {"section": 127, "question_text": "", "marks": null, "order": 1, "question_type": "objective", "correct_answer": "", "teacher_guide": "", "answer_explanation": "", "resource_notes": "", "subnumbering_style": ""}}, {"model": "exams.question", "pk": 194, "fields": {"section": 129, "question_text": "<p><strong>What is your name</strong></p>", "marks": null, "order": 1, "question_type": "objective", "correct_answer": "", "teacher_guide": "", "answer_explanation": "", "resource_notes": "", "subnumbering_style": ""}}, {"model": "exams.question", "pk": 201, "fields": {"section": 136, "question_text": "", "marks": null, "order": 1, "question_type": "objective", "correct_answer": "", "teacher_guide": "", "answer_explanation": "", "resource_notes": "<figure class=\"image\"><img src=\"https://daarulbayaan.pythonanywhere.com/media/exam_resources/140ffcbc0a8a40c7804ad24ffe7fb663.png\" alt=\"Diagram\"></figure><p>Diagram</p>", "subnumbering_style": ""}}, {"model": "exams.question", "pk": 210, "fields": {"section": 145, "question_text": "", "marks": null, "order": 1, "question_type": "objective", "correct_answer": "", "teacher_guide": "", "answer_explanation": "", "resource_notes": "", "subnumbering_style": ""}}, {"model": "exams.question", "pk": 215, "fields": {"section": 150, "question_text": "", "marks": null, "order": 1, "question_type": "objective", "correct_answer": "", "teacher_guide": "", "answer_explanation": "", "resource_notes": "", "subnumbering_style": ""}}, {"model": "exams.question", "pk": 218, "fields": {"section": 153, "question_text": "", "marks": null, "order": 1, "question_type": "objective", "correct_answer": "", "teacher_guide": "", "answer_explanation": "", "resource_notes": "", "subnumbering_style": ""}}, {"model": "exams.question", "pk": 255, "fields": {"section": 190, "question_text": "", "marks": null, "order": 1, "question_type": "objective", "correct_answer": "", "teacher_guide": "", "answer_explanation": "", "resource_notes": "<figure class=\"image image-style-side\"><img src=\"https://daarulbayaan.pythonanywhere.com/media/exam_resources/cda4fb90c9c144d6a3045575e6830f21.png\" alt=\"Diagram\"></figure><p>Diagram</p>", "subnumbering_style": ""}}, {"model": "exams.question", "pk": 269, "fields": {"section": 204, "question_text": "", "marks": null, "order": 1, "question_type": "objective", "correct_answer": "", "teacher_guide": "", "answer_explanation": "", "resource_notes": "", "subnumbering_style": ""}}, {"model": "exams.question", "pk": 270, "fields": {"section": 205, "question_text": "", "marks": null, "order": 1, "question_type": "objective", "correct_answer": "", "teacher_guide": "", "answer_explanation": "", "resource_notes": "", "subnumbering_style": ""}}, {"model": "exams.question", "pk": 285, "fields": {"section": 220, "question_text": "", "marks": null, "order": 1, "question_type": "objective", "correct_answer": "", "teacher_guide": "", "answer_explanation": "", "resource_notes": "", "subnumbering_style": ""}}, {"model": "exams.question", "pk": 289, "fields": {"section": 224, "question_text": "", "marks": null, "order": 1, "question_type": "objective", "correct_answer": "", "teacher_guide": "", "answer_explanation": "", "resource_notes": "", "subnumbering_style": ""}}, {"model": "exams.question", "pk": 292, "fields": {"section": 227, "question_text": "", "marks": null, "order": 1, "question_type": "objective", "correct_answer": "", "teacher_guide": "", "answer_explanation": "", "resource_notes": "", "subnumbering_style": ""}}, {"model": "exams.question", "pk": 293, "fields": {"section": 227, "question_text": "", "marks": null, "order": 2, "question_type": "objective", "correct_answer": "", "teacher_guide": "", "answer_explanation": "", "resource_notes": "", "subnumbering_style": ""}}, {"model": "exams.question", "pk": 295, "fields": {"section": 229, "question_text": "", "marks": null, "order": 1, "question_type": "objective", "correct_answer": "", "teacher_guide": "", "answer_explanation": "", "resource_notes": "", "subnumbering_style": ""}}, {"model": "exams.question", "pk": 296, "fields": {"section": 230, "question_text": "", "marks": null, "order": 1, "question_type": "objective", "correct_answer": "", "teacher_guide": "", "answer_explanation": "", "resource_notes": "", "subnumbering_style": ""}}, {"model": "exams.question", "pk": 298, "fields": {"section": 232, "question_text": "", "marks": null, "order": 1, "question_type": "objective", "correct_answer": "", "teacher_guide": "", "answer_explanation": "", "resource_notes": "", "subnumbering_style": ""}}, {"model": "exams.question", "pk": 315, "fields": {"section": 245, "question_text": "<p>Identify the diagram below&nbsp;</p>", "marks": null, "order": 1, "question_type": "objective", "correct_answer": "", "teacher_guide": "", "answer_explanation": "", "resource_notes": "<figure class=\"image image-style-side\"><img src=\"https://daarulbayaan.pythonanywhere.com/media/exam_resources/8f61d6c3b64e4a22a5e131cf8cb3c0cd.png\" alt=\"Diagram\"></figure><p>Diagram</p>", "subnumbering_style": ""}}, {"model": "exams.question", "pk": 316, "fields": {"section": 245, "question_text": "<p>what kind of chart is this</p>", "marks": "2.00", "order": 2, "question_type": "objective", "correct_answer": "", "teacher_guide": "", "answer_explanation": "", "resource_notes": "<figure class=\"image\"><img src=\"https://daarulbayaan.pythonanywhere.com/media/exam_resources/69209ebfdbc541ada75f2dbd67feaeda.png\" alt=\"Diagram\"></figure><p>Chart</p>", "subnumbering_style": ""}}, {"model": "exams.question", "pk": 317, "fields": {"section": 245, "question_text": "", "marks": null, "order": 3, "question_type": "objective", "correct_answer": "", "teacher_guide": "", "answer_explanation": "", "resource_notes": "", "subnumbering_style": ""}}, {"model": "exams.question", "pk": 329, "fields": {"section": 257, "question_text": "", "marks": null, "order": 1, "question_type": "objective", "correct_answer": "", "teacher_guide": "", "answer_explanation": "", "resource_notes": "", "subnumbering_style": ""}}, {"model": "exams.question", "pk": 345, "fields": {"section": 273, "question_text": "<figure class=\"image image-style-side\"><img src=\"https://daarulbayaan.pythonanywhere.com/media/exam_resources/e7f7b4396c094790a5402f8780e3c163.png\" alt=\"Diagram\"></figure><p>Diagram</p>", "marks": null, "order": 1, "question_type": "objective", "correct_answer": "", "teacher_guide": "", "answer_explanation": "", "resource_notes": "", "subnumbering_style": ""}}, {"model": "exams.question", "pk": 349, "fields": {"section": 276, "question_text": "", "marks": null, "order": 1, "question_type": "theory", "correct_answer": "", "teacher_guide": "", "answer_explanation": "", "resource_notes": "", "subnumbering_style": "parent_alpha"}}, {"model": "exams.question", "pk": 350, "fields": {"section": 276, "question_text": "", "marks": null, "order": 2, "question_type": "theory", "correct_answer": "", "teacher_guide": "", "answer_explanation": "", "resource_notes": "", "subnumbering_style": ""}}, {"model": "exams.questionoption", "pk": 89, "fields": {"question": 68, "option_label": "A", "option_text": "SODIQ"}}, {"model": "exams.questionoption", "pk": 90, "fields": {"question": 68, "option_label": "B", "option_text": "AYO"}}, {"model": "exams.questionoption", "pk": 91, "fields": {"question": 69, "option_label": "A", "option_text": "daarul"}}, {"model": "exams.questionoption", "pk": 92, "fields": {"question": 69, "option_label": "B", "option_text": "taas"}}, {"model": "exams.questionoption", "pk": 109, "fields": {"question": 80, "option_label": "A", "option_text": "Sodiq"}}, {"model": "exams.questionoption", "pk": 110, "fields": {"question": 80, "option_label": "B", "option_text": "Ade"}}, {"model": "exams.questionoption", "pk": 115, "fields": {"question": 83, "option_label": "A", "option_text": ""}}, {"model": "exams.questionoption", "pk": 116, "fields": {"question": 83, "option_label": "B", "option_text": ""}}, {"model": "exams.questionoption", "pk": 247, "fields": {"question": 149, "option_label": "A", "option_text": "sodiq"}}, {"model": "exams.questionoption", "pk": 248, "fields": {"question": 149, "option_label": "B", "option_text": "ade"}}, {"model": "exams.questionoption", "pk": 249, "fields": {"question": 150, "option_label": "A", "option_text": "circle"}}, {"model": "exams.questionoption", "pk": 250, "fields": {"question": 150, "option_label": "B", "option_text": "square"}}, {"model": "exams.questionoption", "pk": 255, "fields": {"question": 153, "option_label": "A", "option_text": "Sodiq"}}, {"model": "exams.questionoption", "pk": 256, "fields": {"question": 153, "option_label": "B", "option_text": "Ade"}}, {"model": "exams.questionoption", "pk": 277, "fields": {"question": 164, "option_label": "A", "option_text": "Sodiq"}}, {"model": "exams.questionoption", "pk": 278, "fields": {"question": 164, "option_label": "B", "option_text": "Ade"}}, {"model": "exams.questionoption", "pk": 279, "fields": {"question": 165, "option_label": "A", "option_text": ""}}, {"model": "exams.questionoption", "pk": 280, "fields": {"question": 165, "option_label": "B", "option_text": ""}}, {"model": "exams.questionoption", "pk": 291, "fields": {"question": 171, "option_label": "A", "option_text": ""}}, {"model": "exams.questionoption", "pk": 292, "fields": {"question": 171, "option_label": "B", "option_text": ""}}, {"model": "exams.questionoption", "pk": 313, "fields": {"question": 182, "option_label": "A", "option_text": ""}}, {"model": "exams.questionoption", "pk": 314, "fields": {"question": 182, "option_label": "B", "option_text": ""}}, {"model": "exams.questionoption", "pk": 327, "fields": {"question": 189, "option_label": "A", "option_text": ""}}, {"model": "exams.questionoption", "pk": 328, "fields": {"question": 189, "option_label": "B", "option_text": ""}}, {"model": "exams.questionoption", "pk": 333, "fields": {"question": 192, "option_label": "A", "option_text": ""}}, {"model": "exams.questionoption", "pk": 334, "fields": {"question": 192, "option_label": "B", "option_text": ""}}, {"model": "exams.questionoption", "pk": 337, "fields": {"question": 194, "option_label": "A", "option_text": ""}}, {"model": "exams.questionoption", "pk": 338, "fields": {"question": 194, "option_label": "B", "option_text": ""}}, {"model": "exams.questionoption", "pk": 351, "fields": {"question": 201, "option_label": "A", "option_text": ""}}, {"model": "exams.questionoption", "pk": 352, "fields": {"question": 201, "option_label": "B", "option_text": ""}}, {"model": "exams.questionoption", "pk": 369, "fields": {"question": 210, "option_label": "A", "option_text": ""}}, {"model": "exams.questionoption", "pk": 370, "fields": {"question": 210, "option_label": "B", "option_text": ""}}, {"model": "exams.questionoption", "pk": 379, "fields": {"question": 215, "option_label": "A", "option_text": ""}}, {"model": "exams.questionoption", "pk": 380, "fields": {"question": 215, "option_label": "B", "option_text": ""}}, {"model": "exams.questionoption", "pk": 385, "fields": {"question": 218, "option_label": "A", "option_text": ""}}, {"model": "exams.questionoption", "pk": 386, "fields": {"question": 218, "option_label": "B", "option_text": ""}}, {"model": "exams.questionoption", "pk": 459, "fields": {"question": 255, "option_label": "A", "option_text": ""}}, {"model": "exams.questionoption", "pk": 460, "fields": {"question": 255, "option_label": "B", "option_text": ""}}, {"model": "exams.questionoption", "pk": 487, "fields": {"question": 269, "option_label": "A", "option_text": ""}}, {"model": "exams.questionoption", "pk": 488, "fields": {"question": 269, "option_label": "B", "option_text": ""}}, {"model": "exams.questionoption", "pk": 489, "fields": {"question": 270, "option_label": "A", "option_text": ""}}, {"model": "exams.questionoption", "pk": 490, "fields": {"question": 270, "option_label": "B", "option_text": ""}}, {"model": "exams.questionoption", "pk": 519, "fields": {"question": 285, "option_label": "A", "option_text": ""}}, {"model": "exams.questionoption", "pk": 520, "fields": {"question": 285, "option_label": "B", "option_text": ""}}, {"model": "exams.questionoption", "pk": 527, "fields": {"question": 289, "option_label": "A", "option_text": ""}}, {"model": "exams.questionoption", "pk": 528, "fields": {"question": 289, "option_label": "B", "option_text": ""}}, {"model": "exams.questionoption", "pk": 533, "fields": {"question": 292, "option_label": "A", "option_text": ""}}, {"model": "exams.questionoption", "pk": 534, "fields": {"question": 292, "option_label": "B", "option_text": ""}}, {"model": "exams.questionoption", "pk": 535, "fields": {"question": 293, "option_label": "A", "option_text": ""}}, {"model": "exams.questionoption", "pk": 536, "fields": {"question": 293, "option_label": "B", "option_text": ""}}, {"model": "exams.questionoption", "pk": 539, "fields": {"question": 295, "option_label": "A", "option_text": ""}}, {"model": "exams.questionoption", "pk": 540, "fields": {"question": 295, "option_label": "B", "option_text": ""}}, {"model": "exams.questionoption", "pk": 541, "fields": {"question": 296, "option_label": "A", "option_text": ""}}, {"model": "exams.questionoption", "pk": 542, "fields": {"question": 296, "option_label": "B", "option_text": ""}}, {"model": "exams.questionoption", "pk": 545, "fields": {"question": 298, "option_label": "A", "option_text": ""}}, {"model": "exams.questionoption", "pk": 546, "fields": {"question": 298, "option_label": "B", "option_text": ""}}, {"model": "exams.questionoption", "pk": 579, "fields": {"question": 315, "option_label": "A", "option_text": "cup"}}, {"model": "exams.questionoption", "pk": 580, "fields": {"question": 315, "option_label": "B", "option_text": "plate"}}, {"model": "exams.questionoption", "pk": 581, "fields": {"question": 316, "option_label": "A", "option_text": "ba"}}, {"model": "exams.questionoption", "pk": 582, "fields": {"question": 316, "option_label": "B", "option_text": ""}}, {"model": "exams.questionoption", "pk": 583, "fields": {"question": 317, "option_label": "A", "option_text": ""}}, {"model": "exams.questionoption", "pk": 584, "fields": {"question": 317, "option_label": "B", "option_text": ""}}, {"model": "exams.questionoption", "pk": 607, "fields": {"question": 329, "option_label": "A", "option_text": ""}}, {"model": "exams.questionoption", "pk": 608, "fields": {"question": 329, "option_label": "B", "option_text": ""}}, {"model": "exams.questionoption", "pk": 639, "fields": {"question": 345, "option_label": "A", "option_text": ""}}, {"model": "exams.questionoption", "pk": 640, "fields": {"question": 345, "option_label": "B", "option_text": ""}}, {"model": "exams.approvallog", "pk": 1, "fields": {"exam": 6, "action": "approve", "user": 5, "comment": "", "timestamp": "2026-06-09T04:04:05.604Z"}}, {"model": "exams.approvallog", "pk": 2, "fields": {"exam": 1, "action": "approve", "user": 5, "comment": "", "timestamp": "2026-06-09T04:08:33.202Z"}}, {"model": "exams.approvallog", "pk": 3, "fields": {"exam": 25, "action": "approve", "user": 5, "comment": "", "timestamp": "2026-06-09T23:24:46.793Z"}}, {"model": "exams.approvallog", "pk": 4, "fields": {"exam": 26, "action": "approve", "user": 5, "comment": "", "timestamp": "2026-06-12T02:36:33.774Z"}}, {"model": "results.gradescale", "pk": 1, "fields": {"name": "Default Scale", "min_score": "90.00", "max_score": "100.00", "grade": "A", "remark": "Excellent", "grade_point": "5.00"}}, {"model": "results.gradescale", "pk": 2, "fields": {"name": "Default Scale", "min_score": "80.00", "max_score": "89.00", "grade": "B", "remark": "Very Good", "grade_point": "4.00"}}, {"model": "results.gradescale", "pk": 3, "fields": {"name": "Default Scale", "min_score": "70.00", "max_score": "79.00", "grade": "C", "remark": "Good", "grade_point": "3.00"}}, {"model": "results.gradescale", "pk": 4, "fields": {"name": "Default Scale", "min_score": "60.00", "max_score": "69.00", "grade": "D", "remark": "Fair", "grade_point": "2.00"}}, {"model": "results.gradescale", "pk": 5, "fields": {"name": "Default Scale", "min_score": "50.00", "max_score": "59.00", "grade": "E", "remark": "Poor", "grade_point": "1.00"}}, {"model": "results.gradescale", "pk": 6, "fields": {"name": "Default Scale", "min_score": "0.00", "max_score": "49.00", "grade": "F", "remark": "Fail", "grade_point": "0.00"}}, {"model": "results.resulttemplate", "pk": 3, "fields": {"name": "Bamigbola Muwaffaqoh", "school_class": 5, "term": 3, "grade_scale": 1, "test_max_score": "40.00", "exam_max_score": "60.00", "calculate_class_position": true, "calculate_subject_position": true, "show_percentage": true, "show_grade_points": true, "show_remarks": true, "is_active": true}}, {"model": "results.resulttemplate", "pk": 4, "fields": {"name": "CREHE", "school_class": 1, "term": 3, "grade_scale": 1, "test_max_score": "40.00", "exam_max_score": "60.00", "calculate_class_position": true, "calculate_subject_position": true, "show_percentage": true, "show_grade_points": true, "show_remarks": true, "is_active": true}}, {"model": "results.resulttemplate", "pk": 5, "fields": {"name": "4", "school_class": 3, "term": 3, "grade_scale": 1, "test_max_score": "40.00", "exam_max_score": "60.00", "calculate_class_position": true, "calculate_subject_position": true, "show_percentage": true, "show_grade_points": true, "show_remarks": true, "is_active": true}}, {"model": "results.resulttemplate", "pk": 6, "fields": {"name": "PREP1 - Third Term (2025/2026)", "school_class": 2, "term": 3, "grade_scale": 1, "test_max_score": "40.00", "exam_max_score": "60.00", "calculate_class_position": true, "calculate_subject_position": true, "show_percentage": true, "show_grade_points": true, "show_remarks": true, "is_active": true}}, {"model": "results.resulttemplate", "pk": 7, "fields": {"name": "NURSERY1 - Third Term (2025/2026)", "school_class": 4, "term": 3, "grade_scale": 1, "test_max_score": "40.00", "exam_max_score": "60.00", "calculate_class_position": true, "calculate_subject_position": true, "show_percentage": true, "show_grade_points": true, "show_remarks": true, "is_active": true}}, {"model": "results.resulttemplate", "pk": 8, "fields": {"name": "BASIC ONE - Third Term (2025/2026)", "school_class": 6, "term": 3, "grade_scale": 1, "test_max_score": "40.00", "exam_max_score": "60.00", "calculate_class_position": true, "calculate_subject_position": true, "show_percentage": true, "show_grade_points": true, "show_remarks": true, "is_active": true}}, {"model": "results.studentresult", "pk": 7, "fields": {"student": 6, "class_subject": 6, "term": 3, "result_template": 4, "test_score": "30.00", "exam_score": "60.00", "total_score": "90.00", "percentage": "90.00", "grade": "A", "remark": "Excellent", "grade_point": "5.00", "class_position": null, "subject_position": null, "created_at": "2026-05-02T21:35:47.322Z", "updated_at": "2026-06-03T14:44:58.276Z", "entered_by": 2, "is_published": true, "published_at": "2026-05-13T18:28:36.343Z", "published_by": 5}}, {"model": "results.studentresult", "pk": 8, "fields": {"student": 6, "class_subject": 7, "term": 3, "result_template": 4, "test_score": "39.00", "exam_score": "60.00", "total_score": "99.00", "percentage": "99.00", "grade": "A", "remark": "Excellent", "grade_point": "5.00", "class_position": null, "subject_position": null, "created_at": "2026-05-02T21:35:47.382Z", "updated_at": "2026-06-03T14:44:58.313Z", "entered_by": 2, "is_published": true, "published_at": "2026-05-13T18:28:36.343Z", "published_by": 5}}, {"model": "results.studentresult", "pk": 11, "fields": {"student": 3, "class_subject": 6, "term": 3, "result_template": 4, "test_score": "40.00", "exam_score": "50.00", "total_score": "90.00", "percentage": "90.00", "grade": "A", "remark": "Excellent", "grade_point": "5.00", "class_position": null, "subject_position": null, "created_at": "2026-05-02T21:35:47.585Z", "updated_at": "2026-06-03T14:44:58.378Z", "entered_by": 2, "is_published": true, "published_at": "2026-05-13T18:28:36.343Z", "published_by": 5}}, {"model": "results.studentresult", "pk": 12, "fields": {"student": 3, "class_subject": 7, "term": 3, "result_template": 4, "test_score": "30.00", "exam_score": "60.00", "total_score": "90.00", "percentage": "90.00", "grade": "A", "remark": "Excellent", "grade_point": "5.00", "class_position": null, "subject_position": null, "created_at": "2026-05-02T21:35:47.636Z", "updated_at": "2026-06-03T14:44:58.416Z", "entered_by": 2, "is_published": true, "published_at": "2026-05-13T18:28:36.343Z", "published_by": 5}}, {"model": "results.studentresult", "pk": 13, "fields": {"student": 4, "class_subject": 18, "term": 3, "result_template": 5, "test_score": "40.00", "exam_score": "60.00", "total_score": "100.00", "percentage": "100.00", "grade": "A", "remark": "Excellent", "grade_point": "5.00", "class_position": null, "subject_position": null, "created_at": "2026-05-29T11:12:23.662Z", "updated_at": "2026-05-29T11:12:23.731Z", "entered_by": 2, "is_published": true, "published_at": "2026-06-14T05:46:01.761Z", "published_by": 5}}, {"model": "results.studentresult", "pk": 14, "fields": {"student": 4, "class_subject": 19, "term": 3, "result_template": 5, "test_score": "30.00", "exam_score": "50.00", "total_score": "80.00", "percentage": "80.00", "grade": "B", "remark": "Very Good", "grade_point": "4.00", "class_position": null, "subject_position": null, "created_at": "2026-05-29T11:12:23.776Z", "updated_at": "2026-05-29T11:12:23.821Z", "entered_by": 2, "is_published": true, "published_at": "2026-06-14T05:46:01.761Z", "published_by": 5}}, {"model": "results.studentresult", "pk": 15, "fields": {"student": 4, "class_subject": 16, "term": 3, "result_template": 5, "test_score": "4.00", "exam_score": "60.00", "total_score": "64.00", "percentage": "64.00", "grade": "D", "remark": "Fair", "grade_point": "2.00", "class_position": null, "subject_position": null, "created_at": "2026-05-29T11:12:23.875Z", "updated_at": "2026-05-29T11:12:23.915Z", "entered_by": 2, "is_published": true, "published_at": "2026-06-14T05:46:01.761Z", "published_by": 5}}, {"model": "results.studentresult", "pk": 16, "fields": {"student": 4, "class_subject": 20, "term": 3, "result_template": 5, "test_score": "9.00", "exam_score": "60.00", "total_score": "69.00", "percentage": "69.00", "grade": "D", "remark": "Fair", "grade_point": "2.00", "class_position": null, "subject_position": null, "created_at": "2026-05-29T11:12:23.960Z", "updated_at": "2026-05-29T11:12:23.992Z", "entered_by": 2, "is_published": true, "published_at": "2026-06-14T05:46:01.761Z", "published_by": 5}}, {"model": "results.studentresult", "pk": 17, "fields": {"student": 4, "class_subject": 21, "term": 3, "result_template": 5, "test_score": "8.00", "exam_score": "60.00", "total_score": "68.00", "percentage": "68.00", "grade": "D", "remark": "Fair", "grade_point": "2.00", "class_position": null, "subject_position": null, "created_at": "2026-05-29T11:12:24.029Z", "updated_at": "2026-05-29T11:12:24.064Z", "entered_by": 2, "is_published": true, "published_at": "2026-06-14T05:46:01.761Z", "published_by": 5}}, {"model": "results.studentresult", "pk": 18, "fields": {"student": 4, "class_subject": 22, "term": 3, "result_template": 5, "test_score": "30.00", "exam_score": "60.00", "total_score": "90.00", "percentage": "90.00", "grade": "A", "remark": "Excellent", "grade_point": "5.00", "class_position": null, "subject_position": null, "created_at": "2026-05-29T11:12:24.100Z", "updated_at": "2026-05-29T11:12:24.131Z", "entered_by": 2, "is_published": true, "published_at": "2026-06-14T05:46:01.761Z", "published_by": 5}}, {"model": "results.studentresult", "pk": 19, "fields": {"student": 4, "class_subject": 23, "term": 3, "result_template": 5, "test_score": "7.00", "exam_score": "60.00", "total_score": "67.00", "percentage": "67.00", "grade": "D", "remark": "Fair", "grade_point": "2.00", "class_position": null, "subject_position": null, "created_at": "2026-05-29T11:12:24.166Z", "updated_at": "2026-05-29T11:12:24.197Z", "entered_by": 2, "is_published": true, "published_at": "2026-06-14T05:46:01.761Z", "published_by": 5}}, {"model": "results.studentresult", "pk": 20, "fields": {"student": 4, "class_subject": 24, "term": 3, "result_template": 5, "test_score": "6.00", "exam_score": "60.00", "total_score": "66.00", "percentage": "66.00", "grade": "D", "remark": "Fair", "grade_point": "2.00", "class_position": null, "subject_position": null, "created_at": "2026-05-29T11:12:24.229Z", "updated_at": "2026-05-29T11:12:24.263Z", "entered_by": 2, "is_published": true, "published_at": "2026-06-14T05:46:01.761Z", "published_by": 5}}, {"model": "results.termresult", "pk": 3, "fields": {"student": 1, "term": 3, "result_template": 3, "total_subjects": 0, "total_score": "0.00", "average_percentage": null, "overall_grade": "", "overall_remark": "", "class_position": null, "is_complete": false, "completed_at": null}}, {"model": "results.termresult", "pk": 4, "fields": {"student": 6, "term": 3, "result_template": 4, "total_subjects": 2, "total_score": "189.00", "average_percentage": "94.50", "overall_grade": "A", "overall_remark": "Excellent", "class_position": null, "is_complete": true, "completed_at": "2026-06-03T14:44:58.875Z"}}, {"model": "results.termresult", "pk": 5, "fields": {"student": 3, "term": 3, "result_template": 4, "total_subjects": 2, "total_score": "180.00", "average_percentage": "90.00", "overall_grade": "A", "overall_remark": "Excellent", "class_position": null, "is_complete": true, "completed_at": "2026-06-03T14:44:58.928Z"}}, {"model": "results.termresult", "pk": 6, "fields": {"student": 4, "term": 3, "result_template": 5, "total_subjects": 8, "total_score": "604.00", "average_percentage": "75.50", "overall_grade": "C", "overall_remark": "Good", "class_position": null, "is_complete": true, "completed_at": "2026-05-29T11:12:24.808Z"}}, {"model": "results.reportcardcomment", "pk": 1, "fields": {"term_result": 5, "teacher": 1, "comment": "very attentive in class, a well behaved girl", "created_at": "2026-05-13T16:40:54.146Z", "updated_at": "2026-05-13T16:40:54.146Z", "created_by": 2}}, {"model": "results.reportcardcomment", "pk": 2, "fields": {"term_result": 4, "teacher": 1, "comment": "Good result", "created_at": "2026-06-03T14:48:43.400Z", "updated_at": "2026-06-03T14:48:43.400Z", "created_by": 2}}, {"model": "results.studentconduct", "pk": 2, "fields": {"student": 6, "term": 3, "attendance": "Very Good", "conduct": "Very Good", "punctuality": "Good", "attentiveness": "Good", "participation": "Good", "teacher_notes": "best of all", "created_at": "2026-05-02T21:35:47.537Z", "updated_at": "2026-06-03T14:44:58.340Z", "entered_by": 2}}, {"model": "results.studentconduct", "pk": 3, "fields": {"student": 3, "term": 3, "attendance": "Excellent", "conduct": "Good", "punctuality": "Excellent", "attentiveness": "Very Good", "participation": "Very Good", "teacher_notes": "peerless", "created_at": "2026-05-02T21:35:47.805Z", "updated_at": "2026-06-03T14:44:58.445Z", "entered_by": 2}}, {"model": "results.studentconduct", "pk": 4, "fields": {"student": 4, "term": 3, "attendance": "Good", "conduct": "Good", "punctuality": "Good", "attentiveness": "Good", "participation": "Good", "teacher_notes": "very neat and attentive in class", "created_at": "2026-05-29T11:12:24.300Z", "updated_at": "2026-05-29T11:12:24.337Z", "entered_by": 2}}, {"model": "attendance.attendancerecord", "pk": 1, "fields": {"student": 1, "school_class": 5, "date": "2026-04-28", "present": true, "morning_present": true, "afternoon_present": true, "marked_by": 5, "marked_at": "2026-04-28T12:02:06.829Z", "notes": ""}}, {"model": "attendance.attendancerecord", "pk": 2, "fields": {"student": 3, "school_class": 1, "date": "2026-04-30", "present": true, "morning_present": true, "afternoon_present": true, "marked_by": 2, "marked_at": "2026-04-30T08:19:50.139Z", "notes": ""}}, {"model": "attendance.attendancerecord", "pk": 3, "fields": {"student": 6, "school_class": 1, "date": "2026-04-30", "present": true, "morning_present": true, "afternoon_present": true, "marked_by": 2, "marked_at": "2026-04-30T08:19:50.174Z", "notes": ""}}, {"model": "attendance.attendancerecord", "pk": 4, "fields": {"student": 4, "school_class": 3, "date": "2026-04-30", "present": true, "morning_present": true, "afternoon_present": true, "marked_by": 2, "marked_at": "2026-04-30T08:21:11.443Z", "notes": ""}}, {"model": "attendance.attendancerecord", "pk": 5, "fields": {"student": 3, "school_class": 1, "date": "2026-05-01", "present": true, "morning_present": true, "afternoon_present": true, "marked_by": 2, "marked_at": "2026-05-01T00:33:34.178Z", "notes": ""}}, {"model": "attendance.attendancerecord", "pk": 6, "fields": {"student": 6, "school_class": 1, "date": "2026-05-01", "present": true, "morning_present": true, "afternoon_present": true, "marked_by": 2, "marked_at": "2026-05-01T00:33:34.211Z", "notes": ""}}, {"model": "attendance.attendancerecord", "pk": 7, "fields": {"student": 4, "school_class": 1, "date": "2026-05-02", "present": true, "morning_present": true, "afternoon_present": true, "marked_by": null, "marked_at": "2026-05-02T06:57:55.917Z", "notes": ""}}, {"model": "attendance.attendancerecord", "pk": 8, "fields": {"student": 3, "school_class": 3, "date": "2026-05-02", "present": false, "morning_present": true, "afternoon_present": true, "marked_by": null, "marked_at": "2026-05-02T06:58:47.070Z", "notes": ""}}, {"model": "attendance.attendancerecord", "pk": 9, "fields": {"student": 3, "school_class": 1, "date": "2026-05-03", "present": true, "morning_present": true, "afternoon_present": true, "marked_by": 2, "marked_at": "2026-05-03T22:36:13.910Z", "notes": ""}}, {"model": "attendance.attendancerecord", "pk": 10, "fields": {"student": 6, "school_class": 1, "date": "2026-05-03", "present": true, "morning_present": true, "afternoon_present": true, "marked_by": 2, "marked_at": "2026-05-03T22:36:13.944Z", "notes": ""}}, {"model": "attendance.attendancerecord", "pk": 11, "fields": {"student": 3, "school_class": 1, "date": "2026-05-06", "present": true, "morning_present": true, "afternoon_present": true, "marked_by": 2, "marked_at": "2026-05-06T18:45:53.962Z", "notes": ""}}, {"model": "attendance.attendancerecord", "pk": 12, "fields": {"student": 6, "school_class": 1, "date": "2026-05-06", "present": true, "morning_present": true, "afternoon_present": true, "marked_by": 2, "marked_at": "2026-05-06T18:45:53.992Z", "notes": ""}}, {"model": "attendance.attendancerecord", "pk": 13, "fields": {"student": 3, "school_class": 1, "date": "2026-05-12", "present": true, "morning_present": true, "afternoon_present": true, "marked_by": 2, "marked_at": "2026-05-12T09:46:44.708Z", "notes": ""}}, {"model": "attendance.attendancerecord", "pk": 14, "fields": {"student": 6, "school_class": 1, "date": "2026-05-12", "present": true, "morning_present": true, "afternoon_present": true, "marked_by": 2, "marked_at": "2026-05-12T09:46:44.742Z", "notes": ""}}, {"model": "attendance.attendancerecord", "pk": 15, "fields": {"student": 3, "school_class": 1, "date": "2026-05-13", "present": true, "morning_present": true, "afternoon_present": true, "marked_by": 2, "marked_at": "2026-05-13T09:28:51.683Z", "notes": ""}}, {"model": "attendance.attendancerecord", "pk": 16, "fields": {"student": 6, "school_class": 1, "date": "2026-05-13", "present": true, "morning_present": true, "afternoon_present": true, "marked_by": 2, "marked_at": "2026-05-13T09:28:51.712Z", "notes": ""}}, {"model": "attendance.attendancerecord", "pk": 17, "fields": {"student": 4, "school_class": 3, "date": "2026-05-13", "present": true, "morning_present": true, "afternoon_present": true, "marked_by": 2, "marked_at": "2026-05-13T17:04:03.467Z", "notes": ""}}, {"model": "attendance.attendancerecord", "pk": 18, "fields": {"student": 3, "school_class": 1, "date": "2026-05-21", "present": true, "morning_present": true, "afternoon_present": true, "marked_by": 2, "marked_at": "2026-05-21T19:42:51.517Z", "notes": ""}}, {"model": "attendance.attendancerecord", "pk": 19, "fields": {"student": 6, "school_class": 1, "date": "2026-05-21", "present": false, "morning_present": false, "afternoon_present": false, "marked_by": 2, "marked_at": "2026-05-21T19:42:51.555Z", "notes": ""}}, {"model": "attendance.attendancerecord", "pk": 20, "fields": {"student": 3, "school_class": 1, "date": "2026-06-17", "present": true, "morning_present": false, "afternoon_present": true, "marked_by": 2, "marked_at": "2026-06-17T12:02:18.787Z", "notes": ""}}, {"model": "attendance.attendancerecord", "pk": 21, "fields": {"student": 6, "school_class": 1, "date": "2026-06-17", "present": false, "morning_present": false, "afternoon_present": true, "marked_by": 2, "marked_at": "2026-06-17T12:02:18.827Z", "notes": ""}}, {"model": "attendance.attendancesession", "pk": 2, "fields": {"school_class": 5, "date": "2026-04-28", "teacher": 4, "total_students": 1, "present_count": 1, "absent_count": 0, "day_type": "school_day", "week_number": null, "created_at": "2026-04-28T12:01:07.369Z"}}, {"model": "attendance.attendancesession", "pk": 3, "fields": {"school_class": 1, "date": "2026-04-30", "teacher": 1, "total_students": 2, "present_count": 2, "absent_count": 0, "day_type": "school_day", "week_number": null, "created_at": "2026-04-30T08:19:50.201Z"}}, {"model": "attendance.attendancesession", "pk": 4, "fields": {"school_class": 3, "date": "2026-04-30", "teacher": 1, "total_students": 1, "present_count": 1, "absent_count": 0, "day_type": "school_day", "week_number": null, "created_at": "2026-04-30T08:21:11.479Z"}}, {"model": "attendance.attendancesession", "pk": 5, "fields": {"school_class": 1, "date": "2026-05-01", "teacher": 1, "total_students": 2, "present_count": 2, "absent_count": 0, "day_type": "school_day", "week_number": null, "created_at": "2026-05-01T00:33:34.241Z"}}, {"model": "attendance.attendancesession", "pk": 6, "fields": {"school_class": 1, "date": "2026-05-03", "teacher": 1, "total_students": 2, "present_count": 2, "absent_count": 0, "day_type": "school_day", "week_number": null, "created_at": "2026-05-03T22:36:13.977Z"}}, {"model": "attendance.attendancesession", "pk": 7, "fields": {"school_class": 1, "date": "2026-05-06", "teacher": 1, "total_students": 2, "present_count": 2, "absent_count": 0, "day_type": "school_day", "week_number": null, "created_at": "2026-05-06T18:45:54.016Z"}}, {"model": "attendance.attendancesession", "pk": 8, "fields": {"school_class": 1, "date": "2026-05-12", "teacher": 1, "total_students": 2, "present_count": 2, "absent_count": 0, "day_type": "school_day", "week_number": null, "created_at": "2026-05-12T09:46:44.776Z"}}, {"model": "attendance.attendancesession", "pk": 9, "fields": {"school_class": 1, "date": "2026-05-13", "teacher": 1, "total_students": 2, "present_count": 2, "absent_count": 0, "day_type": "school_day", "week_number": null, "created_at": "2026-05-13T09:28:51.739Z"}}, {"model": "attendance.attendancesession", "pk": 10, "fields": {"school_class": 3, "date": "2026-05-13", "teacher": 1, "total_students": 1, "present_count": 1, "absent_count": 0, "day_type": "school_day", "week_number": null, "created_at": "2026-05-13T17:04:03.518Z"}}, {"model": "attendance.attendancesession", "pk": 11, "fields": {"school_class": 1, "date": "2026-05-21", "teacher": 1, "total_students": 2, "present_count": 1, "absent_count": 1, "day_type": "school_day", "week_number": 21, "created_at": "2026-05-21T19:42:51.588Z"}}, {"model": "attendance.attendancesession", "pk": 12, "fields": {"school_class": 1, "date": "2026-06-17", "teacher": 1, "total_students": 2, "present_count": 0, "absent_count": 2, "day_type": "school_day", "week_number": 25, "created_at": "2026-06-17T12:01:17.320Z"}}, {"model": "staff_attendance.attendancesettings", "pk": 1, "fields": {"school_latitude": "6.447400", "school_longitude": "3.390300", "allowed_radius_meters": 200, "normal_clock_in_time": "08:00:00", "late_after_time": "23:30:00", "earliest_clock_out_time": "15:00:00", "enable_gps_verification": true, "enable_clock_out": true, "enable_offline_sync": true, "active": false, "updated_at": "2026-05-21T20:55:31.107Z"}}, {"model": "staff_attendance.attendancesettings", "pk": 2, "fields": {"school_latitude": "6.447400", "school_longitude": "3.390300", "allowed_radius_meters": 200, "normal_clock_in_time": "08:00:00", "late_after_time": "23:30:00", "earliest_clock_out_time": "15:00:00", "enable_gps_verification": true, "enable_clock_out": true, "enable_offline_sync": true, "active": false, "updated_at": "2026-05-21T21:40:40.277Z"}}, {"model": "staff_attendance.attendancesettings", "pk": 3, "fields": {"school_latitude": "6.447400", "school_longitude": "3.390300", "allowed_radius_meters": 200, "normal_clock_in_time": "23:20:00", "late_after_time": "23:36:00", "earliest_clock_out_time": "15:00:00", "enable_gps_verification": true, "enable_clock_out": true, "enable_offline_sync": true, "active": false, "updated_at": "2026-05-21T22:12:34.506Z"}}, {"model": "staff_attendance.attendancesettings", "pk": 4, "fields": {"school_latitude": "7.404295", "school_longitude": "3.804090", "allowed_radius_meters": 200, "normal_clock_in_time": "06:00:00", "late_after_time": "07:50:00", "earliest_clock_out_time": "13:00:00", "enable_gps_verification": true, "enable_clock_out": true, "enable_offline_sync": true, "active": true, "updated_at": "2026-06-17T12:05:18.022Z"}}, {"model": "staff_attendance.staffattendance", "pk": 1, "fields": {"teacher": 1, "date": "2026-05-21", "clock_in": "2026-05-21T20:56:27.807Z", "clock_out": "2026-05-21T20:57:17.448Z", "clock_in_latitude": "6.447400", "clock_in_longitude": "3.390300", "clock_out_latitude": "6.447400", "clock_out_longitude": "3.390300", "clock_in_status": "present", "synced": true, "sync_time": "2026-05-21T20:57:17.448Z", "offline_sync_id": null, "device_info": "Mozilla/5.0 (Windows NT 10.0; Win64; x64) AppleWebKit/537.36 (KHTML, like Gecko) Chrome/148.0.0.0 Safari/537.36", "offline_record": false, "is_suspicious": false, "work_duration": null, "created_at": "2026-05-21T20:56:27.808Z", "updated_at": "2026-05-21T20:57:17.448Z"}}, {"model": "staff_attendance.staffattendance", "pk": 2, "fields": {"teacher": 3, "date": "2026-05-21", "clock_in": "2026-05-21T22:26:49.413Z", "clock_out": "2026-05-21T22:44:29.459Z", "clock_in_latitude": "7.405844", "clock_in_longitude": "3.785848", "clock_out_latitude": "7.405844", "clock_out_longitude": "3.785848", "clock_in_status": "present", "synced": true, "sync_time": "2026-05-21T22:44:29.459Z", "offline_sync_id": "fb783a26-c0ad-4a3e-938f-39ad48ea777e", "device_info": "Mozilla/5.0 (iPhone; CPU iPhone OS 26_3_1 like Mac OS X) AppleWebKit/605.1.15 (KHTML, like Gecko) CriOS/148.0.7778.166 Mobile/15E148 Safari/604.1", "offline_record": false, "is_suspicious": false, "work_duration": "00:17:40.046134", "created_at": "2026-05-21T22:26:49.413Z", "updated_at": "2026-05-21T22:44:29.459Z"}}, {"model": "staff_attendance.staffattendance", "pk": 3, "fields": {"teacher": 1, "date": "2026-05-22", "clock_in": "2026-05-22T21:04:47.024Z", "clock_out": null, "clock_in_latitude": "7.405841", "clock_in_longitude": "3.785851", "clock_out_latitude": null, "clock_out_longitude": null, "clock_in_status": "present", "synced": true, "sync_time": "2026-05-22T21:04:47.024Z", "offline_sync_id": "40854cd5-12e1-4cfb-b57b-7d35c057b477", "device_info": "Mozilla/5.0 (iPhone; CPU iPhone OS 26_3_1 like Mac OS X) AppleWebKit/605.1.15 (KHTML, like Gecko) CriOS/148.0.7778.166 Mobile/15E148 Safari/604.1", "offline_record": false, "is_suspicious": false, "work_duration": null, "created_at": "2026-05-22T21:04:47.024Z", "updated_at": "2026-05-22T21:04:47.024Z"}}, {"model": "staff_attendance.staffattendance", "pk": 4, "fields": {"teacher": 1, "date": "2026-05-26", "clock_in": "2026-05-26T04:24:52.257Z", "clock_out": null, "clock_in_latitude": "7.405731", "clock_in_longitude": "3.786018", "clock_out_latitude": null, "clock_out_longitude": null, "clock_in_status": "present", "synced": true, "sync_time": "2026-05-26T04:24:52.257Z", "offline_sync_id": "85c527a4-0ef3-4a58-960f-972bf5de349a", "device_info": "Mozilla/5.0 (Linux; Android 10; K) AppleWebKit/537.36 (KHTML, like Gecko) Chrome/148.0.0.0 Mobile Safari/537.36", "offline_record": false, "is_suspicious": false, "work_duration": null, "created_at": "2026-05-26T04:24:52.258Z", "updated_at": "2026-05-26T04:24:52.258Z"}}, {"model": "staff_attendance.staffattendance", "pk": 5, "fields": {"teacher": 1, "date": "2026-06-15", "clock_in": "2026-06-15T05:32:17.280Z", "clock_out": null, "clock_in_latitude": "7.405896", "clock_in_longitude": "3.785800", "clock_out_latitude": null, "clock_out_longitude": null, "clock_in_status": "present", "synced": true, "sync_time": "2026-06-15T05:32:17.280Z", "offline_sync_id": "5021c201-bfef-41ec-865f-7cd5b21c24f5", "device_info": "Mozilla/5.0 (Linux; Android 10; K) AppleWebKit/537.36 (KHTML, like Gecko) Chrome/149.0.0.0 Mobile Safari/537.36", "offline_record": false, "is_suspicious": false, "work_duration": null, "created_at": "2026-06-15T05:32:17.281Z", "updated_at": "2026-06-15T05:32:17.281Z"}}, {"model": "staff_attendance.staffattendance", "pk": 6, "fields": {"teacher": 1, "date": "2026-06-17", "clock_in": "2026-06-17T12:05:56.268Z", "clock_out": "2026-06-17T12:07:04.801Z", "clock_in_latitude": "7.404073", "clock_in_longitude": "3.802905", "clock_out_latitude": "7.404190", "clock_out_longitude": "3.802972", "clock_in_status": "late", "synced": true, "sync_time": "2026-06-17T12:07:04.801Z", "offline_sync_id": "eb006c27-3ee8-4a65-8693-eeae5182e32f", "device_info": "Mozilla/5.0 (Linux; Android 10; K) AppleWebKit/537.36 (KHTML, like Gecko) Chrome/149.0.0.0 Mobile Safari/537.36", "offline_record": false, "is_suspicious": false, "work_duration": "00:01:08.532411", "created_at": "2026-06-17T12:05:56.269Z", "updated_at": "2026-06-17T12:07:04.801Z"}}, {"model": "school_classes.schoolclasses", "pk": 1, "fields": {"class_name": "CRECHE", "level": "1", "description": "1-2"}}, {"model": "school_classes.schoolclasses", "pk": 2, "fields": {"class_name": "PREP1", "level": "2", "description": "2-3"}}, {"model": "school_classes.schoolclasses", "pk": 3, "fields": {"class_name": "PREP2", "level": "3", "description": "3-4"}}, {"model": "school_classes.schoolclasses", "pk": 4, "fields": {"class_name": "NURSERY1", "level": "4", "description": "4-5"}}, {"model": "school_classes.schoolclasses", "pk": 5, "fields": {"class_name": "NURSERY2", "level": "5", "description": "5-6"}}, {"model": "school_classes.schoolclasses", "pk": 6, "fields": {"class_name": "BASIC ONE", "level": "6", "description": "6-7"}}, {"model": "school_classes.teacher", "pk": 1, "fields": {"user": 2, "employee_id": "003", "qualification": "OND", "specialization": "SCIENCE", "phone": "07019529957", "address": "", "date_joined": "2026-04-20", "is_active": true, "is_approved": true, "approved_at": null, "approved_by": null}}, {"model": "school_classes.teacher", "pk": 3, "fields": {"user": 7, "employee_id": "004", "qualification": "B.A", "specialization": "ENGLISH", "phone": "08145430107", "address": "PLOT 24B, BAMIDURO LAYOUT,ARAROMI,GBEKUBA,APATA", "date_joined": "2026-04-28", "is_active": true, "is_approved": true, "approved_at": null, "approved_by": null}}, {"model": "school_classes.teacher", "pk": 4, "fields": {"user": 8, "employee_id": "002", "qualification": "B.Ed in Arabic", "specialization": "ARABIC", "phone": "08108970960", "address": "No20, Zone E, Oluwatedo crescent, Aba ege wire and cable, Apata Ibadan", "date_joined": "2026-04-29", "is_active": true, "is_approved": true, "approved_at": null, "approved_by": null}}, {"model": "school_classes.classteacher", "pk": 1, "fields": {"teacher": 1, "school_class": 3, "subject": 1, "is_class_teacher": true, "assigned_date": "2026-04-22", "is_active": true}}, {"model": "school_classes.classteacher", "pk": 3, "fields": {"teacher": 3, "school_class": 6, "subject": 2, "is_class_teacher": true, "assigned_date": "2026-04-28", "is_active": true}}, {"model": "school_classes.classteacher", "pk": 4, "fields": {"teacher": 1, "school_class": 1, "subject": 3, "is_class_teacher": true, "assigned_date": "2026-04-29", "is_active": true}}, {"model": "school_classes.classteacher", "pk": 5, "fields": {"teacher": 4, "school_class": 5, "subject": 13, "is_class_teacher": true, "assigned_date": "2026-04-29", "is_active": true}}, {"model": "school_classes.schemeofwork", "pk": 4, "fields": {"teacher": 1, "school_class": 5, "subject": 1, "term": 3, "academic_year": "2025/2026", "title": "SOCIAL SCIENCE", "objectives": "CLEANING \r\nWASHING \r\nGREETINGS \r\nADDITION", "created_at": "2026-04-28T12:31:04.744Z", "submitted_at": "2026-04-28T12:32:54.557Z", "is_submitted": true, "is_approved": true, "approved_at": "2026-04-30T07:52:56.232Z", "approved_by": 5, "approval_notes": ""}}, {"model": "school_classes.schemeofwork", "pk": 5, "fields": {"teacher": 1, "school_class": 1, "subject": 18, "term": 3, "academic_year": "2025/2026", "title": "LITERACY", "objectives": "A-C\r\nD-E\r\nF-G", "created_at": "2026-04-30T09:49:08.238Z", "submitted_at": null, "is_submitted": false, "is_approved": false, "approved_at": null, "approved_by": null, "approval_notes": "complete all week"}}, {"model": "school_classes.schemeofwork", "pk": 6, "fields": {"teacher": 1, "school_class": 1, "subject": 4, "term": 3, "academic_year": "2025/2026", "title": "Hello", "objectives": "The objectives", "created_at": "2026-05-12T09:24:22.458Z", "submitted_at": "2026-05-13T16:41:59.782Z", "is_submitted": true, "is_approved": false, "approved_at": null, "approved_by": null, "approval_notes": ""}}, {"model": "school_classes.schemeofwork", "pk": 7, "fields": {"teacher": 1, "school_class": 3, "subject": 17, "term": 3, "academic_year": "2025/2026", "title": "NUMERACY", "objectives": "REVISON OF 1-10\r\nLEARNING 1-20\r\nLEARNING 20-30", "created_at": "2026-05-19T08:46:51.164Z", "submitted_at": null, "is_submitted": false, "is_approved": false, "approved_at": null, "approved_by": null, "approval_notes": ""}}, {"model": "school_classes.schemeofwork", "pk": 8, "fields": {"teacher": 1, "school_class": 3, "subject": 13, "term": 3, "academic_year": "2025/2026", "title": "Arabic scheme", "objectives": "must know alif to yah", "created_at": "2026-05-19T09:04:24.524Z", "submitted_at": null, "is_submitted": false, "is_approved": false, "approved_at": null, "approved_by": null, "approval_notes": ""}}, {"model": "school_classes.schemeofwork", "pk": 9, "fields": {"teacher": 1, "school_class": 3, "subject": 9, "term": 3, "academic_year": "2025/2026", "title": "known", "objectives": "yeah", "created_at": "2026-05-19T09:40:45.576Z", "submitted_at": null, "is_submitted": false, "is_approved": false, "approved_at": null, "approved_by": null, "approval_notes": ""}}, {"model": "school_classes.schemeofwork", "pk": 10, "fields": {"teacher": 1, "school_class": 1, "subject": 17, "term": 3, "academic_year": "2025/2026", "title": "scheme", "objectives": "they must have known all the tens and units", "created_at": "2026-06-17T11:41:43.040Z", "submitted_at": null, "is_submitted": false, "is_approved": false, "approved_at": null, "approved_by": null, "approval_notes": ""}}, {"model": "school_classes.schemeweek", "pk": 1, "fields": {"scheme": 5, "week_number": 1, "topic": "simple", "sub_topics": "tenses", "objectives": "students must", "teaching_methods": "play way", "resources": "videos", "assessment": "say a word", "is_completed": true, "completed_date": "2026-04-30", "completion_notes": "", "is_acknowledged": false, "acknowledged_at": null, "is_approved": false, "approved_by": null, "approved_at": null, "admin_notes": ""}}, {"model": "school_classes.schemeweek", "pk": 2, "fields": {"scheme": 5, "week_number": 2, "topic": "simple", "sub_topics": "tenses", "objectives": "students must", "teaching_methods": "play way", "resources": "videos", "assessment": "say a word", "is_completed": true, "completed_date": "2026-05-02", "completion_notes": "", "is_acknowledged": false, "acknowledged_at": null, "is_approved": false, "approved_by": null, "approved_at": null, "admin_notes": ""}}, {"model": "school_classes.schemeweek", "pk": 3, "fields": {"scheme": 7, "week_number": 1, "topic": "REVISION OF 1-10", "sub_topics": "count 1-5\r\ncount 6-10", "objectives": "must know 1-10", "teaching_methods": "read after teacher", "resources": "textbook", "assessment": "recite 1-10", "is_completed": false, "completed_date": null, "completion_notes": "", "is_acknowledged": false, "acknowledged_at": null, "is_approved": false, "approved_by": null, "approved_at": null, "admin_notes": ""}}, {"model": "school_classes.schemeweek", "pk": 4, "fields": {"scheme": 8, "week_number": 1, "topic": "alif to yah", "sub_topics": "alif to jeem\r\nha to aihn\r\nghoin to yah", "objectives": "must know alif to yah", "teaching_methods": "read afer teacher", "resources": "khoida", "assessment": "read at home", "is_completed": false, "completed_date": null, "completion_notes": "", "is_acknowledged": false, "acknowledged_at": null, "is_approved": false, "approved_by": null, "approved_at": null, "admin_notes": ""}}, {"model": "school_classes.schemeweek", "pk": 5, "fields": {"scheme": 9, "week_number": 1, "topic": "REVISION OF 1-10", "sub_topics": "fhjjhgd", "objectives": "sdfghh", "teaching_methods": "sdfghhgf", "resources": "rtyjhgfddwgh", "assessment": "afghhgfds", "is_completed": false, "completed_date": null, "completion_notes": "", "is_acknowledged": false, "acknowledged_at": null, "is_approved": false, "approved_by": null, "approved_at": null, "admin_notes": ""}}, {"model": "school_classes.teacherpermission", "pk": 1, "fields": {"teacher": 1, "permission": "view_students", "is_granted": true, "granted_by": 5, "granted_at": "2026-04-25T16:35:04.957Z"}}, {"model": "school_classes.teacherpermission", "pk": 2, "fields": {"teacher": 1, "permission": "contact_guardians", "is_granted": true, "granted_by": 5, "granted_at": "2026-04-25T16:35:05.411Z"}}, {"model": "school_classes.teacherpermission", "pk": 3, "fields": {"teacher": 1, "permission": "edit_scheme", "is_granted": true, "granted_by": 5, "granted_at": "2026-04-25T16:35:05.257Z"}}, {"model": "school_classes.teacherpermission", "pk": 4, "fields": {"teacher": 1, "permission": "view_payroll", "is_granted": true, "granted_by": 5, "granted_at": "2026-04-25T16:35:05.317Z"}}, {"model": "school_classes.teacherpermission", "pk": 5, "fields": {"teacher": 1, "permission": "edit_students", "is_granted": true, "granted_by": 5, "granted_at": "2026-04-25T16:35:05.000Z"}}, {"model": "school_classes.teacherpermission", "pk": 6, "fields": {"teacher": 1, "permission": "view_results", "is_granted": true, "granted_by": 5, "granted_at": "2026-04-25T16:35:05.032Z"}}, {"model": "school_classes.teacherpermission", "pk": 7, "fields": {"teacher": 1, "permission": "edit_results", "is_granted": true, "granted_by": 5, "granted_at": "2026-04-25T16:35:05.066Z"}}, {"model": "school_classes.teacherpermission", "pk": 8, "fields": {"teacher": 1, "permission": "print_results", "is_granted": true, "granted_by": 5, "granted_at": "2026-04-25T16:35:05.098Z"}}, {"model": "school_classes.teacherpermission", "pk": 9, "fields": {"teacher": 1, "permission": "print_broadsheet", "is_granted": true, "granted_by": 5, "granted_at": "2026-04-25T16:35:05.134Z"}}, {"model": "school_classes.teacherpermission", "pk": 10, "fields": {"teacher": 1, "permission": "view_attendance", "is_granted": true, "granted_by": 5, "granted_at": "2026-04-25T16:35:05.167Z"}}, {"model": "school_classes.teacherpermission", "pk": 11, "fields": {"teacher": 1, "permission": "mark_attendance", "is_granted": true, "granted_by": 5, "granted_at": "2026-04-25T16:35:05.197Z"}}, {"model": "school_classes.teacherpermission", "pk": 12, "fields": {"teacher": 1, "permission": "create_scheme", "is_granted": true, "granted_by": 5, "granted_at": "2026-04-25T16:35:05.224Z"}}, {"model": "school_classes.teacherpermission", "pk": 13, "fields": {"teacher": 1, "permission": "submit_scheme", "is_granted": true, "granted_by": 5, "granted_at": "2026-04-25T16:35:05.284Z"}}, {"model": "school_classes.teacherpermission", "pk": 14, "fields": {"teacher": 1, "permission": "view_payroll_dashboard", "is_granted": true, "granted_by": 5, "granted_at": "2026-04-25T16:35:05.352Z"}}, {"model": "school_classes.teacherpermission", "pk": 15, "fields": {"teacher": 1, "permission": "view_guardians", "is_granted": true, "granted_by": 5, "granted_at": "2026-04-25T16:35:05.384Z"}}, {"model": "school_classes.teacherpermission", "pk": 31, "fields": {"teacher": 3, "permission": "view_students", "is_granted": true, "granted_by": 5, "granted_at": "2026-04-28T12:49:04.811Z"}}, {"model": "school_classes.teacherpermission", "pk": 32, "fields": {"teacher": 3, "permission": "edit_students", "is_granted": true, "granted_by": 5, "granted_at": "2026-04-28T12:49:04.846Z"}}, {"model": "school_classes.teacherpermission", "pk": 33, "fields": {"teacher": 3, "permission": "view_results", "is_granted": true, "granted_by": 5, "granted_at": "2026-04-28T12:49:04.892Z"}}, {"model": "school_classes.teacherpermission", "pk": 34, "fields": {"teacher": 3, "permission": "edit_results", "is_granted": true, "granted_by": 5, "granted_at": "2026-04-28T12:49:04.933Z"}}, {"model": "school_classes.teacherpermission", "pk": 35, "fields": {"teacher": 3, "permission": "print_results", "is_granted": true, "granted_by": 5, "granted_at": "2026-04-28T12:49:04.971Z"}}, {"model": "school_classes.teacherpermission", "pk": 36, "fields": {"teacher": 3, "permission": "print_broadsheet", "is_granted": true, "granted_by": 5, "granted_at": "2026-04-28T12:49:05.009Z"}}, {"model": "school_classes.teacherpermission", "pk": 37, "fields": {"teacher": 3, "permission": "view_attendance", "is_granted": true, "granted_by": 5, "granted_at": "2026-04-28T12:49:05.044Z"}}, {"model": "school_classes.teacherpermission", "pk": 38, "fields": {"teacher": 3, "permission": "mark_attendance", "is_granted": true, "granted_by": 5, "granted_at": "2026-04-28T12:49:05.084Z"}}, {"model": "school_classes.teacherpermission", "pk": 39, "fields": {"teacher": 3, "permission": "create_scheme", "is_granted": true, "granted_by": 5, "granted_at": "2026-04-28T12:49:05.124Z"}}, {"model": "school_classes.teacherpermission", "pk": 40, "fields": {"teacher": 3, "permission": "edit_scheme", "is_granted": true, "granted_by": 5, "granted_at": "2026-04-28T12:49:05.173Z"}}, {"model": "school_classes.teacherpermission", "pk": 41, "fields": {"teacher": 3, "permission": "submit_scheme", "is_granted": true, "granted_by": 5, "granted_at": "2026-04-28T12:49:05.214Z"}}, {"model": "school_classes.teacherpermission", "pk": 42, "fields": {"teacher": 3, "permission": "view_payroll", "is_granted": true, "granted_by": 5, "granted_at": "2026-04-28T12:49:05.260Z"}}, {"model": "school_classes.teacherpermission", "pk": 43, "fields": {"teacher": 3, "permission": "view_payroll_dashboard", "is_granted": true, "granted_by": 5, "granted_at": "2026-04-28T12:49:05.295Z"}}, {"model": "school_classes.teacherpermission", "pk": 44, "fields": {"teacher": 3, "permission": "view_guardians", "is_granted": true, "granted_by": 5, "granted_at": "2026-04-28T12:49:05.333Z"}}, {"model": "school_classes.teacherpermission", "pk": 45, "fields": {"teacher": 3, "permission": "contact_guardians", "is_granted": true, "granted_by": 5, "granted_at": "2026-04-28T12:49:05.373Z"}}, {"model": "school_classes.teacherpermission", "pk": 46, "fields": {"teacher": 4, "permission": "view_students", "is_granted": true, "granted_by": 5, "granted_at": "2026-04-29T11:00:24.560Z"}}, {"model": "school_classes.teacherpermission", "pk": 47, "fields": {"teacher": 4, "permission": "edit_students", "is_granted": true, "granted_by": 5, "granted_at": "2026-04-29T11:00:24.624Z"}}, {"model": "school_classes.teacherpermission", "pk": 48, "fields": {"teacher": 4, "permission": "view_results", "is_granted": true, "granted_by": 5, "granted_at": "2026-04-29T11:00:24.703Z"}}, {"model": "school_classes.teacherpermission", "pk": 49, "fields": {"teacher": 4, "permission": "edit_results", "is_granted": true, "granted_by": 5, "granted_at": "2026-04-29T11:00:24.768Z"}}, {"model": "school_classes.teacherpermission", "pk": 50, "fields": {"teacher": 4, "permission": "print_results", "is_granted": true, "granted_by": 5, "granted_at": "2026-04-29T11:00:24.836Z"}}, {"model": "school_classes.teacherpermission", "pk": 51, "fields": {"teacher": 4, "permission": "print_broadsheet", "is_granted": true, "granted_by": 5, "granted_at": "2026-04-29T11:00:24.887Z"}}, {"model": "school_classes.teacherpermission", "pk": 52, "fields": {"teacher": 4, "permission": "view_attendance", "is_granted": true, "granted_by": 5, "granted_at": "2026-04-29T11:00:24.943Z"}}, {"model": "school_classes.teacherpermission", "pk": 53, "fields": {"teacher": 4, "permission": "mark_attendance", "is_granted": true, "granted_by": 5, "granted_at": "2026-04-29T11:00:25.002Z"}}, {"model": "school_classes.teacherpermission", "pk": 54, "fields": {"teacher": 4, "permission": "create_scheme", "is_granted": true, "granted_by": 5, "granted_at": "2026-04-29T11:00:25.060Z"}}, {"model": "school_classes.teacherpermission", "pk": 55, "fields": {"teacher": 4, "permission": "edit_scheme", "is_granted": true, "granted_by": 5, "granted_at": "2026-04-29T11:00:25.123Z"}}, {"model": "school_classes.teacherpermission", "pk": 56, "fields": {"teacher": 4, "permission": "submit_scheme", "is_granted": true, "granted_by": 5, "granted_at": "2026-04-29T11:00:25.191Z"}}, {"model": "school_classes.teacherpermission", "pk": 57, "fields": {"teacher": 4, "permission": "view_payroll", "is_granted": true, "granted_by": 5, "granted_at": "2026-04-29T11:00:25.255Z"}}, {"model": "school_classes.teacherpermission", "pk": 58, "fields": {"teacher": 4, "permission": "view_payroll_dashboard", "is_granted": true, "granted_by": 5, "granted_at": "2026-04-29T11:00:25.319Z"}}, {"model": "school_classes.teacherpermission", "pk": 59, "fields": {"teacher": 4, "permission": "view_guardians", "is_granted": true, "granted_by": 5, "granted_at": "2026-04-29T11:00:25.382Z"}}, {"model": "school_classes.teacherpermission", "pk": 60, "fields": {"teacher": 4, "permission": "contact_guardians", "is_granted": true, "granted_by": 5, "granted_at": "2026-04-29T11:00:25.444Z"}}, {"model": "payroll.staff", "pk": 1, "fields": {"name": "HAFSOH", "staff_type": "teacher", "role": "TEACHER", "basic": "28000.00", "teacher": 1, "phone": "07019529957", "email": "abimbolahafsoh88@gmail.com", "employee_id": "003", "date_joined": null, "is_active": true}}, {"model": "payroll.salarycomponent", "pk": 1, "fields": {"staff": 1, "component_type": "basic", "name": "ABIMBOLA HAFSOH", "amount": "28000.00", "description": "", "is_active": true, "effective_date": "2026-04-20"}}, {"model": "payroll.payslip", "pk": 1, "fields": {"staff": 1, "month": "2026-04-20", "allowances": "0.00", "deductions": "0.00", "basic_salary": "0.00", "total_allowances": "0.00", "total_deductions": "0.00", "is_processed": true, "processed_at": null, "processed_by": 1}}, {"model": "payroll.payrolldashboard", "pk": 1, "fields": {"staff": 1, "month": "2026-04-20", "total_earnings": "28000.00", "total_deductions": "0.00", "net_pay": "28000.00", "attendance_percentage": "100.00", "performance_score": "90.00", "created_at": "2026-04-20T08:00:58.628Z"}}, {"model": "payroll.schoolfee", "pk": 1, "fields": {"name": "PG SCHOOL FEE", "amount": "25000.00", "description": "CRECHE AND PREP SCHOOL FEES"}}, {"model": "payroll.schoolfee", "pk": 2, "fields": {"name": "NURSERY SCHOOL FEE", "amount": "30000.00", "description": "NURSERY CLASSES SCHOOL FEE"}}, {"model": "payroll.schoolfee", "pk": 3, "fields": {"name": "BASIC 1 TO 4 SCHOOL FEE", "amount": "40000.00", "description": "BASIC CLASSES SCHOOL FEE"}}, {"model": "payroll.schoolfee", "pk": 4, "fields": {"name": "BASIC 5 SCHOOL FEE", "amount": "45000.00", "description": "FINAL YEAR PUPIL SCHOOL FEE"}}, {"model": "payroll.schoolfee", "pk": 5, "fields": {"name": "UNIFORM, MONDAY", "amount": "7000.00", "description": "MONDAY WEAR UNIFORM"}}, {"model": "payroll.schoolfee", "pk": 6, "fields": {"name": "WEDNESDAY WEAR", "amount": "6000.00", "description": "SPORT WEAR"}}, {"model": "payroll.schoolfee", "pk": 7, "fields": {"name": "THURSDAY WEAR", "amount": "4000.00", "description": ""}}, {"model": "payroll.schoolfee", "pk": 8, "fields": {"name": "FRIDAY WEAR", "amount": "6000.00", "description": "JUM'MAT DAY WEAR"}}, {"model": "payroll.schoolfee", "pk": 9, "fields": {"name": "HIJAB", "amount": "1500.00", "description": "FEMALE HEAD COVER"}}, {"model": "payroll.schoolfee", "pk": 10, "fields": {"name": "NURSERY WRINTING", "amount": "2000.00", "description": "WRITING MATERIALS FOR NURSERY CLASSES"}}, {"model": "payroll.schoolfee", "pk": 11, "fields": {"name": "PG WRITING", "amount": "1000.00", "description": "WRITING MATERIALS FOR CRECHE AND PREP"}}, {"model": "payroll.schoolfee", "pk": 12, "fields": {"name": "TOILETRIES", "amount": "1000.00", "description": "TOILETRIES FOR PG"}}, {"model": "payroll.schoolfee", "pk": 13, "fields": {"name": "SWEATER", "amount": "6000.00", "description": "SWEATER FOR NUSERY AND PRIMARY"}}, {"model": "payroll.schoolfee", "pk": 14, "fields": {"name": "REPORT CARD", "amount": "1000.00", "description": ""}}, {"model": "payroll.schoolfee", "pk": 15, "fields": {"name": "EXAM FEE", "amount": "2000.00", "description": ""}}, {"model": "payroll.schoolfee", "pk": 16, "fields": {"name": "AFTER-SCHOOL SERVICE", "amount": "10000.00", "description": "MADRASA OR AFTER-SCHOOL LESSON"}}, {"model": "payroll.schoolfee", "pk": 17, "fields": {"name": "OTHERS", "amount": "0.00", "description": "ANYOTHER"}}, {"model": "payroll.studentinvoice", "pk": 3, "fields": {"student": 6, "fee": 1, "issued_date": "2026-04-27", "due_date": "2026-06-30", "amount_due": "25000.00", "status": "pending", "notes": "", "created_by": 5}}, {"model": "payroll.studentinvoice", "pk": 4, "fields": {"student": 6, "fee": 14, "issued_date": "2026-04-27", "due_date": "2026-06-30", "amount_due": "1000.00", "status": "pending", "notes": "must be paid before collecting report card", "created_by": 5}}, {"model": "payroll.studentinvoice", "pk": 5, "fields": {"student": 6, "fee": 15, "issued_date": "2026-04-27", "due_date": "2026-06-30", "amount_due": "2000.00", "status": "pending", "notes": "must be paid before the start of examination", "created_by": 5}}, {"model": "payroll.studentinvoice", "pk": 6, "fields": {"student": 2, "fee": 17, "issued_date": "2026-05-13", "due_date": "2026-05-13", "amount_due": "8000.00", "status": "paid", "notes": "BROUGHT FOWARD FROM LAST TERM", "created_by": 5}}, {"model": "payroll.studentpayment", "pk": 3, "fields": {"student": 6, "invoice": 3, "amount": "15000.00", "payment_date": "2026-05-12", "payment_method": "cash", "reference": "collected by HM", "created_by": 5, "notes": "Brought during the assembly time"}}, {"model": "payroll.studentpayment", "pk": 4, "fields": {"student": 2, "invoice": 6, "amount": "8000.00", "payment_date": "2026-05-13", "payment_method": "cash", "reference": "collected by HM", "created_by": 5, "notes": "BROUGHT FOWARD FROM LAST TERM"}}, {"model": "announcements.announcement", "pk": 1, "fields": {"title": "mine", "content": "Welcome to the official digital platform of DAARUL BAYAAN ISLAMIC SCHOOL — a place designed to make learning, communication, and school management easier, faster, and more accessible for everyone. We provide a balanced education that combines Western and Islamic studies, including modern fields such as STEM and Robotics.", "created_by": 5, "created_at": "2026-04-21T07:18:49.107Z", "updated_at": "2026-04-21T07:19:20.911Z", "is_active": true, "priority": "urgent"}}, {"model": "communication.message", "pk": 7, "fields": {"name": null, "email": null, "phone": null, "message": "<body>\r\n\r\n    <!-- HEADER (keep your existing header/nav here) -->\r\n    <header>\r\n        <!-- your current top bar -->\r\n    </header>\r\n\r\n    <div class=\"layout\">\r\n\r\n        <!-- 🔵 DESKTOP SIDEBAR -->\r\n        <aside class=\"sidebar\">\r\n            <!-- COPY your menu links here -->\r\n            <h3>Menu</h3>\r\n            <a href=\"#\">Dashboard</a>\r\n            <a href=\"#\">Classes</a>\r\n            <a href=\"#\">Results</a>\r\n            <a href=\"#\">Settings</a>\r\n        </aside>\r\n\r\n        <!-- 🟢 MAIN CONTENT -->\r\n        <main class=\"content\">\r\n            {% block content %}{% endblock %}\r\n        </main>\r\n\r\n    </div>\r\n\r\n</body>", "created_at": "2026-05-02T19:04:22.590Z", "user": null, "is_replied": false, "reply_message": null, "replied_at": null, "replied_by": null, "reply_method": ""}}, {"model": "communication.message", "pk": 8, "fields": {"name": null, "email": null, "phone": null, "message": "<!doctype html>\r\n<html>\r\n<head>\r\n  <meta charset=\"utf-8\">\r\n  <title>{{ SCHOOL_NAME }}</title>\r\n  {% load static %}\r\n  <style>\r\n    :root {\r\n      --primary-color: {{ primary_color }};\r\n      --secondary-color: {{ secondary_color }};\r\n      --accent-color: {{ accent_color }};\r\n      --background-color: {{ background_color }};\r\n      --text-color: {{ text_color }};\r\n      --heading-text-color: {{ heading_text_color }};\r\n      --icon-plate-color: {{ icon_plate_color }};\r\n      --header-heading-color: {{ header_heading_color }};\r\n      --icon-color: {{ icon_color }};\r\n    }\r\n\r\n    body{\r\n      font-family:Arial,Helvetica,sans-serif;\r\n      margin:0;\r\n      padding:0;\r\n      background:var(--background-color);\r\n      color:var(--text-color)\r\n    }\r\n\r\n    h1, h2, h3, h4, h5, h6 { color: var(--heading-text-color); }\r\n\r\n    header{\r\n      background:var(--primary-color);\r\n      color:white;\r\n      padding:24px 24px\r\n    }\r\n\r\n    /* ✅ FIXED CONTAINER (full width for desktop) */\r\n    .container{\r\n      padding:20px;\r\n      width:100%;\r\n      max-width:100%;\r\n      margin:0;\r\n    }\r\n\r\n    .hero{\r\n      background:linear-gradient(135deg, var(--primary-color) 0%, var(--secondary-color) 100%);\r\n      color:white;\r\n      padding:60px 30px;\r\n      border-radius:18px;\r\n      box-shadow:0 20px 50px rgba(35,31,89,.18);\r\n      margin-bottom:24px\r\n    }\r\n\r\n    .hero h1{\r\n      font-size:3rem;\r\n      line-height:1.05;\r\n      margin:0 0 16px;\r\n      text-transform:uppercase;\r\n      letter-spacing:1px\r\n    }\r\n\r\n    .hero p{\r\n      font-size:1.05rem;\r\n      max-width:680px;\r\n      margin:0 0 24px;\r\n      opacity:.92\r\n    }\r\n\r\n    .button{\r\n      display:inline-block;\r\n      background:var(--accent-color);\r\n      color:var(--text-color);\r\n      padding:12px 22px;\r\n      border-radius:999px;\r\n      text-decoration:none;\r\n      font-weight:700;\r\n      box-shadow:0 10px 20px rgba(0,0,0,.12)\r\n    }\r\n\r\n    table{border-collapse:collapse;width:100%}\r\n    th,td{border:1px solid #ddd;padding:6px}\r\n\r\n    /* ===== LAYOUT ===== */\r\n    .layout {\r\n        display: block;\r\n    }\r\n\r\n    /* ===== SIDEBAR ===== */\r\n    .sidebar {\r\n        display: none;\r\n        background: #ffffff;\r\n        padding: 20px;\r\n        border-right: 1px solid #ddd;\r\n    }\r\n\r\n    .sidebar a {\r\n        display: block;\r\n        margin: 10px 0;\r\n        text-decoration: none;\r\n        color: #333;\r\n    }\r\n\r\n    /* ===== CONTENT ===== */\r\n    .content {\r\n        padding: 20px;\r\n    }\r\n\r\n    /* ===== DESKTOP MODE ===== */\r\n    @media (min-width: 1024px) {\r\n\r\n        .layout {\r\n            display: flex;\r\n        }\r\n\r\n        .sidebar {\r\n            display: block;\r\n            width: 250px;\r\n            min-height: 100vh;\r\n        }\r\n\r\n        .content {\r\n            flex: 1;\r\n        }\r\n    }\r\n\r\n    /* Dropdown */\r\n    .dropdown-link {\r\n      display: block;\r\n      padding: 10px 18px;\r\n      text-decoration: none;\r\n      color: #222;\r\n      font-size: 15px;\r\n      transition: background 0.18s;\r\n    }\r\n\r\n    .dropdown-link:hover {\r\n      background: #f5f5f5;\r\n    }\r\n  </style>\r\n</head>\r\n\r\n<body>\r\n\r\n  <!-- ✅ ONLY HEADER (kept your original design) -->\r\n  <header>\r\n    <div style=\"display: flex; align-items: center; position: relative;\">\r\n\r\n      <!-- Logo -->\r\n      <div style=\"flex-shrink: 0;\">\r\n        {% if school_logo %}\r\n          <img src=\"{{ school_logo }}\" style=\"height:80px;\">\r\n        {% else %}\r\n          <img src=\"{% static 'img/logo.png' %}\" style=\"height:80px;\">\r\n        {% endif %}\r\n      </div>\r\n\r\n      <!-- Center text -->\r\n      <div style=\"position: absolute; left: 50%; transform: translateX(-50%); text-align: center;\">\r\n        <a href=\"{% url 'home' %}\" style=\"color: var(--header-heading-color); text-decoration: none;\">\r\n          <span style=\"font-size:32px; font-weight: bold;\">{{ school_name }}</span>\r\n        </a>\r\n        <div style=\"font-size:18px; margin-top: 6px;\">{{ motto }}</div>\r\n      </div>\r\n\r\n      <!-- Menu Button -->\r\n      <div style=\"position: absolute; right: 0;\">\r\n        <button id=\"dropdownToggle\" style=\"background: rgba(255,255,255,0.15); border:none; border-radius:50%; width:44px; height:44px; color:white;\">\r\n          ☰\r\n        </button>\r\n\r\n        <div id=\"dropdownMenu\" style=\"display:none; position:absolute; right:0; background:white; border-radius:12px; width:250px;\">\r\n          {% if user.is_authenticated %}\r\n            <a href=\"{% url 'profile' %}\" class=\"dropdown-link\">Account</a>\r\n            <form method=\"post\" action=\"{% url 'logout' %}\">\r\n              {% csrf_token %}\r\n              <button class=\"dropdown-link\" style=\"width:100%; border:none; background:none;\">Logout</button>\r\n            </form>\r\n          {% else %}\r\n            <a href=\"{% url 'login' %}\" class=\"dropdown-link\">Login</a>\r\n          {% endif %}\r\n        </div>\r\n      </div>\r\n\r\n    </div>\r\n  </header>\r\n\r\n  <!-- ✅ MAIN LAYOUT -->\r\n  <div class=\"container\">\r\n\r\n    <div class=\"layout\">\r\n\r\n      <!-- Sidebar (desktop only) -->\r\n      <aside class=\"sidebar\">\r\n        <h3>Menu</h3>\r\n        <a href=\"#\">Dashboard</a>\r\n        <a href=\"#\">Classes</a>\r\n        <a href=\"#\">Results</a>\r\n        <a href=\"#\">Settings</a>\r\n      </aside>\r\n\r\n      <!-- Main Content -->\r\n      <main class=\"content\">\r\n        {% block content %}{% endblock %}\r\n      </main>\r\n\r\n    </div>\r\n\r\n  </div>\r\n\r\n  <script>\r\n    document.getElementById('dropdownToggle').onclick = function () {\r\n      var menu = document.getElementById('dropdownMenu');\r\n      menu.style.display = menu.style.display === 'block' ? 'none' : 'block';\r\n    };\r\n  </script>\r\n\r\n</body>\r\n</html>", "created_at": "2026-05-02T19:06:52.767Z", "user": null, "is_replied": false, "reply_message": null, "replied_at": null, "replied_by": null, "reply_method": ""}}, {"model": "communication.message", "pk": 9, "fields": {"name": "ABIMBOLA HAFSOH", "email": "akaydking@gmail.com", "phone": null, "message": "my testing", "created_at": "2026-05-07T17:22:17.950Z", "user": null, "is_replied": true, "reply_message": "i love you", "replied_at": "2026-05-07T17:22:44.542Z", "replied_by": 5, "reply_method": "email"}}, {"model": "communication.message", "pk": 10, "fields": {"name": "sodiq", "email": "akaydking@gmail.com", "phone": null, "message": "i need job", "created_at": "2026-05-07T18:53:59.124Z", "user": null, "is_replied": true, "reply_message": "we received your application", "replied_at": "2026-05-07T19:17:27.764Z", "replied_by": 5, "reply_method": "email"}}, {"model": "communication.message", "pk": 11, "fields": {"name": "sodiq", "email": "akaydking@gmail.com", "phone": null, "message": "check", "created_at": "2026-05-07T20:53:35.382Z", "user": 5, "is_replied": true, "reply_message": "seen", "replied_at": "2026-05-07T20:54:11.725Z", "replied_by": 5, "reply_method": "portal"}}, {"model": "communication.message", "pk": 12, "fields": {"name": "ABIMBOLA HAFSOH", "email": "abimbolahafsoh88@gmail.com", "phone": null, "message": "my work", "created_at": "2026-05-07T20:55:42.060Z", "user": 2, "is_replied": true, "reply_message": "seen", "replied_at": "2026-05-07T20:56:41.865Z", "replied_by": 5, "reply_method": "portal"}}, {"model": "communication.message", "pk": 13, "fields": {"name": "SODIQ UNIQUE", "email": "akay4luv@yahoo.com", "phone": null, "message": "from django.db import models\r\nfrom django.core.validators import MinValueValidator, MaxValueValidator\r\nfrom django.db.models import Sum, Avg, F\r\nfrom django.utils import timezone\r\nfrom decimal import Decimal\r\nfrom students.models import Student\r\nfrom exams.models import Exam, Subject, ClassSubject, Term\r\nfrom school_classes.models import SchoolClasses\r\n\r\n\r\nclass GradeScale(models.Model):\r\n    \"\"\"Configurable grading system\"\"\"\r\n    name = models.CharField(max_length=50)\r\n    min_score = models.DecimalField(max_digits=5, decimal_places=2)\r\n    max_score = models.DecimalField(max_digits=5, decimal_places=2)\r\n    grade = models.CharField(max_length=5)\r\n    remark = models.CharField(max_length=50)\r\n    grade_point = models.DecimalField(max_digits=3, decimal_places=2, default=0)\r\n\r\n    class Meta:\r\n        unique_together = ('name', 'grade')\r\n        ordering = ['-min_score']\r\n\r\n    def __str__(self):\r\n        return f\"{self.grade} ({self.min_score}-{self.max_score})\"\r\n\r\n\r\nclass ResultTemplate(models.Model):\r\n    \"\"\"Configurable report card template\"\"\"\r\n    name = models.CharField(max_length=100, unique=True)\r\n    school_class = models.ForeignKey(\r\n        SchoolClasses,\r\n        on_delete=models.CASCADE,\r\n        related_name='result_templates'\r\n    )\r\n    term = models.ForeignKey(Term, on_delete=models.CASCADE)\r\n    grade_scale = models.ForeignKey(GradeScale, on_delete=models.CASCADE)\r\n\r\n    # Score configurations\r\n    test_max_score = models.DecimalField(\r\n        max_digits=5, decimal_places=2, default=40.00,\r\n        validators=[MinValueValidator(0)]\r\n    )\r\n    exam_max_score = models.DecimalField(\r\n        max_digits=5, decimal_places=2, default=60.00,\r\n        validators=[MinValueValidator(0)]\r\n    )\r\n\r\n    # Position calculation settings\r\n    calculate_class_position = models.BooleanField(default=True)\r\n    calculate_subject_position = models.BooleanField(default=True)\r\n\r\n    # Additional fields\r\n    show_percentage = models.BooleanField(default=True)\r\n    show_grade_points = models.BooleanField(default=True)\r\n    show_remarks = models.BooleanField(default=True)\r\n\r\n    is_active = models.BooleanField(default=True)\r\n\r\n    class Meta:\r\n        unique_together = ('school_class', 'term')\r\n\r\n    def __str__(self):\r\n        return f\"{self.school_class} - {self.term} Template\"\r\n\r\n\r\nclass StudentResult(models.Model):\r\n    \"\"\"Comprehensive student result record\"\"\"\r\n    student = models.ForeignKey(\r\n        Student,\r\n        on_delete=models.CASCADE,\r\n        related_name='results'\r\n    )\r\n    class_subject = models.ForeignKey(\r\n        ClassSubject,\r\n        on_delete=models.CASCADE,\r\n        related_name='student_results'\r\n    )\r\n    term = models.ForeignKey(Term, on_delete=models.CASCADE)\r\n    result_template = models.ForeignKey(\r\n        ResultTemplate,\r\n        on_delete=models.CASCADE,\r\n        related_name='student_results'\r\n    )\r\n\r\n    # Scores\r\n    test_score = models.DecimalField(\r\n        max_digits=5, decimal_places=2, null=True, blank=True,\r\n        validators=[MinValueValidator(0)]\r\n    )\r\n    exam_score = models.DecimalField(\r\n        max_digits=5, decimal_places=2, null=True, blank=True,\r\n        validators=[MinValueValidator(0)]\r\n    )\r\n\r\n    # Calculated fields\r\n    total_score = models.DecimalField(\r\n        max_digits=5, decimal_places=2, null=True, blank=True\r\n    )\r\n    percentage = models.DecimalField(\r\n        max_digits=5, decimal_places=2, null=True, blank=True\r\n    )\r\n    grade = models.CharField(max_length=5, blank=True)\r\n    remark = models.CharField(max_length=50, blank=True)\r\n    grade_point = models.DecimalField(\r\n        max_digits=3, decimal_places=2, null=True, blank=True\r\n    )\r\n\r\n    # Positions\r\n    class_position = models.PositiveIntegerField(null=True, blank=True)\r\n    subject_position = models.PositiveIntegerField(null=True, blank=True)\r\n\r\n    # Metadata\r\n    created_at = models.DateTimeField(auto_now_add=True)\r\n    updated_at = models.DateTimeField(auto_now=True)\r\n    entered_by = models.ForeignKey(\r\n        'auth.User',\r\n        on_delete=models.SET_NULL,\r\n        null=True,\r\n        blank=True\r\n    )\r\n\r\n    class Meta:\r\n        unique_together = ('student', 'class_subject', 'term')\r\n\r\n    def save(self, *args, **kwargs):\r\n        \"\"\"Auto-calculate total, percentage, grade, and remark\"\"\"\r\n        if self.test_score is not None and self.exam_score is not None:\r\n            # Convert scores to Decimal to ensure type compatibility\r\n            test_score = Decimal(str(self.test_score))\r\n            exam_score = Decimal(str(self.exam_score))\r\n            \r\n            # Calculate total score (simple sum, not weighted)\r\n            self.total_score = test_score + exam_score\r\n\r\n            # Calculate percentage based on actual total possible score\r\n            max_total = self.result_template.test_max_score + self.result_template.exam_max_score\r\n            self.percentage = (self.total_score / max_total) * 100\r\n\r\n            # Get grade from scale\r\n            grade_scale = self.result_template.grade_scale\r\n            matching_grade = GradeScale.objects.filter(\r\n                name=grade_scale.name,\r\n                min_score__lte=self.percentage,\r\n                max_score__gte=self.percentage\r\n            ).first()\r\n\r\n            if matching_grade:\r\n                self.grade = matching_grade.grade\r\n                self.remark = matching_grade.remark\r\n                self.grade_point = matching_grade.grade_point\r\n\r\n        super().save(*args, **kwargs)\r\n\r\n    def __str__(self):\r\n        return f\"{self.student} - {self.class_subject.subject} ({self.term})\"\r\n\r\n\r\nclass TermResult(models.Model):\r\n    \"\"\"Aggregated term results for a student\"\"\"\r\n    student = models.ForeignKey(\r\n        Student,\r\n        on_delete=models.CASCADE,\r\n        related_name='term_results'\r\n    )\r\n    term = models.ForeignKey(Term, on_delete=models.CASCADE)\r\n    result_template = models.ForeignKey(\r\n        ResultTemplate,\r\n        on_delete=models.CASCADE,\r\n        related_name='term_results'\r\n    )\r\n\r\n    # Aggregated scores\r\n    total_subjects = models.PositiveIntegerField(default=0)\r\n    total_score = models.DecimalField(max_digits=7, decimal_places=2, default=0)\r\n    average_percentage = models.DecimalField(max_digits=5, decimal_places=2, null=True, blank=True)\r\n    overall_grade = models.CharField(max_length=5, blank=True)\r\n    overall_remark = models.CharField(max_length=50, blank=True)\r\n\r\n    # Positions\r\n    class_position = models.PositiveIntegerField(null=True, blank=True)\r\n\r\n    # Status\r\n    is_complete = models.BooleanField(default=False)\r\n    completed_at = models.DateTimeField(null=True, blank=True)\r\n\r\n    class Meta:\r\n        unique_together = ('student', 'term')\r\n\r\n    def calculate_aggregates(self):\r\n        \"\"\"Calculate term aggregates from individual subject results\"\"\"\r\n        subject_results = StudentResult.objects.filter(\r\n            student=self.student,\r\n            term=self.term,\r\n            result_template=self.result_template\r\n        )\r\n\r\n        if subject_results.exists():\r\n            self.total_subjects = subject_results.count()\r\n            self.total_score = subject_results.aggregate(\r\n                total=Sum('total_score')\r\n            )['total'] or 0\r\n\r\n            self.average_percentage = subject_results.aggregate(\r\n                avg=Avg('percentage')\r\n            )['avg']\r\n\r\n            if self.average_percentage:\r\n                # Get overall grade\r\n                grade_scale = self.result_template.grade_scale\r\n                matching_grade = GradeScale.objects.filter(\r\n                    name=grade_scale.name,\r\n                    min_score__lte=self.average_percentage,\r\n                    max_score__gte=self.average_percentage\r\n                ).first()\r\n\r\n                if matching_grade:\r\n                    self.overall_grade = matching_grade.grade\r\n                    self.overall_remark = matching_grade.remark\r\n\r\n            self.is_complete = True\r\n            self.completed_at = timezone.now()\r\n            self.save()\r\n\r\n    def __str__(self):\r\n        return f\"{self.student} - {self.term} Term Result\"\r\n\r\n\r\nclass Promotion(models.Model):\r\n    \"\"\"Student promotions between classes\"\"\"\r\n\r\n    student = models.ForeignKey(Student, on_delete=models.CASCADE)\r\n\r\n    from_class = models.ForeignKey(\r\n        SchoolClasses,\r\n        on_delete=models.CASCADE,\r\n        related_name='promotions_from'\r\n    )\r\n\r\n    to_class = models.ForeignKey(\r\n        SchoolClasses,\r\n        on_delete=models.CASCADE,\r\n        related_name='promotions_to'\r\n    )\r\n\r\n    term = models.ForeignKey(Term, on_delete=models.CASCADE)\r\n    promoted_date = models.DateField(auto_now_add=True)\r\n    remarks = models.TextField(blank=True)\r\n\r\n    promoted_by = models.ForeignKey(\r\n        'auth.User',\r\n        on_delete=models.SET_NULL,\r\n        null=True,\r\n        blank=True\r\n    )\r\n\r\n    def __str__(self):\r\n        return f\"{self.student} promoted from {self.from_class} to {self.to_class}\"\r\n\r\nclass ReportCardComment(models.Model):\r\n    \"\"\"Teacher comments on student report cards\"\"\"\r\n    term_result = models.ForeignKey(\r\n        TermResult,\r\n        on_delete=models.CASCADE,\r\n        related_name='teacher_comments'\r\n    )\r\n    teacher = models.ForeignKey(\r\n        'school_classes.Teacher',\r\n        on_delete=models.SET_NULL,\r\n        null=True,\r\n        blank=True,\r\n        related_name='report_card_comments'\r\n    )\r\n    comment = models.TextField()\r\n    created_at = models.DateTimeField(auto_now_add=True)\r\n    updated_at = models.DateTimeField(auto_now=True)\r\n    created_by = models.ForeignKey(\r\n        'auth.User',\r\n        on_delete=models.SET_NULL,\r\n        null=True,\r\n        blank=True,\r\n        related_name='created_report_comments'\r\n    )\r\n\r\n    class Meta:\r\n        ordering = ['-created_at']\r\n\r\n    def __str__(self):\r\n        return f\"Comment for {self.term_result.student} by {self.created_by}\"\r\n\r\n\r\nclass StudentConduct(models.Model):\r\n    \"\"\"Student conduct, attendance, and behavioral traits for each term\"\"\"\r\n    \r\n    ATTENDANCE_CHOICES = [\r\n        ('Excellent', 'Excellent (95-100%)'),\r\n        ('Very Good', 'Very Good (85-94%)'),\r\n        ('Good', 'Good (75-84%)'),\r\n        ('Fair', 'Fair (65-74%)'),\r\n        ('Poor', 'Poor (<65%)'),\r\n    ]\r\n    \r\n    CONDUCT_CHOICES = [\r\n        ('Excellent', 'Excellent'),\r\n        ('Very Good', 'Very Good'),\r\n        ('Good', 'Good'),\r\n        ('Fair', 'Fair'),\r\n        ('Poor', 'Poor'),\r\n    ]\r\n    \r\n    PUNCTUALITY_CHOICES = [\r\n        ('Excellent', 'Always on time'),\r\n        ('Very Good', 'Usually on time'),\r\n        ('Good', 'Mostly on time'),\r\n        ('Fair', 'Often late'),\r\n        ('Poor', 'Frequently late'),\r\n    ]\r\n    \r\n    student = models.ForeignKey(\r\n        Student,\r\n        on_delete=models.CASCADE,\r\n        related_name='conduct_records'\r\n    )\r\n    term = models.ForeignKey(Term, on_delete=models.CASCADE)\r\n    \r\n    # Conduct traits\r\n    attendance = models.CharField(\r\n        max_length=20,\r\n        choices=ATTENDANCE_CHOICES,\r\n        default='Good',\r\n        help_text='Student attendance rating'\r\n    )\r\n    conduct = models.CharField(\r\n        max_length=20,\r\n        choices=CONDUCT_CHOICES,\r\n        default='Good',\r\n        help_text='Student general conduct'\r\n    )\r\n    punctuality = models.CharField(\r\n        max_length=20,\r\n        choices=PUNCTUALITY_CHOICES,\r\n        default='Good',\r\n        help_text='Student punctuality'\r\n    )\r\n    attentiveness = models.CharField(\r\n        max_length=20,\r\n        choices=CONDUCT_CHOICES,\r\n        default='Good',\r\n        help_text='Student attentiveness in class'\r\n    )\r\n    participation = models.CharField(\r\n        max_length=20,\r\n        choices=CONDUCT_CHOICES,\r\n        default='Good',\r\n        help_text='Student participation in class'\r\n    )\r\n    \r\n    # Notes\r\n    teacher_notes = models.TextField(\r\n        blank=True,\r\n        help_text='General teacher comments about student progress'\r\n    )\r\n    \r\n    # Metadata\r\n    created_at = models.DateTimeField(auto_now_add=True)\r\n    updated_at = models.DateTimeField(auto_now=True)\r\n    entered_by = models.ForeignKey(\r\n        'auth.User',\r\n        on_delete=models.SET_NULL,\r\n        null=True,\r\n        blank=True,\r\n        related_name='entered_conduct_records'\r\n    )\r\n    \r\n    class Meta:\r\n        unique_together = ('student', 'term')\r\n        ordering = ['-term']\r\n    \r\n    def __str__(self):\r\n        return f\"{self.student} - {self.term} Conduct\"", "created_at": "2026-05-13T10:00:45.782Z", "user": 5, "is_replied": false, "reply_message": null, "replied_at": null, "replied_by": null, "reply_method": ""}}, {"model": "communication.portalthread", "pk": 1, "fields": {"user": 5, "created_at": "2026-05-07T20:54:11.760Z", "updated_at": "2026-05-07T21:46:41.345Z"}}, {"model": "communication.portalthread", "pk": 2, "fields": {"user": 2, "created_at": "2026-05-07T20:56:41.896Z", "updated_at": "2026-06-09T06:06:18.198Z"}}, {"model": "communication.portalthread", "pk": 3, "fields": {"user": 7, "created_at": "2026-05-07T21:46:41.092Z", "updated_at": "2026-05-12T09:15:46.640Z"}}, {"model": "communication.portalthread", "pk": 4, "fields": {"user": 3, "created_at": "2026-05-07T21:46:41.181Z", "updated_at": "2026-05-07T21:46:41.233Z"}}, {"model": "communication.portalthread", "pk": 5, "fields": {"user": 4, "created_at": "2026-05-07T21:46:41.381Z", "updated_at": "2026-05-07T21:46:41.427Z"}}, {"model": "communication.portalthread", "pk": 6, "fields": {"user": 8, "created_at": "2026-05-07T21:46:41.462Z", "updated_at": "2026-05-07T21:46:41.510Z"}}, {"model": "communication.portalthread", "pk": 7, "fields": {"user": 1, "created_at": "2026-05-07T21:46:41.538Z", "updated_at": "2026-05-07T21:46:41.577Z"}}, {"model": "communication.portalthread", "pk": 8, "fields": {"user": 9, "created_at": "2026-06-17T11:36:38.565Z", "updated_at": "2026-06-17T11:37:04.115Z"}}, {"model": "communication.portalmessage", "pk": 1, "fields": {"thread": 1, "sender": 5, "content": "seen", "created_at": "2026-05-07T20:54:11.796Z", "is_read": false}}, {"model": "communication.portalmessage", "pk": 2, "fields": {"thread": 2, "sender": 5, "content": "seen", "created_at": "2026-05-07T20:56:41.922Z", "is_read": true}}, {"model": "communication.portalmessage", "pk": 3, "fields": {"thread": 2, "sender": 5, "content": "any other thing?", "created_at": "2026-05-07T21:19:44.151Z", "is_read": true}}, {"model": "communication.portalmessage", "pk": 4, "fields": {"thread": 2, "sender": 2, "content": "no other thing sir", "created_at": "2026-05-07T21:20:52.102Z", "is_read": false}}, {"model": "communication.portalmessage", "pk": 5, "fields": {"thread": 3, "sender": 5, "content": "ASSALAMU ALYKUM", "created_at": "2026-05-07T21:46:41.122Z", "is_read": false}}, {"model": "communication.portalmessage", "pk": 6, "fields": {"thread": 4, "sender": 5, "content": "ASSALAMU ALYKUM", "created_at": "2026-05-07T21:46:41.205Z", "is_read": true}}, {"model": "communication.portalmessage", "pk": 7, "fields": {"thread": 2, "sender": 5, "content": "ASSALAMU ALYKUM", "created_at": "2026-05-07T21:46:41.265Z", "is_read": true}}, {"model": "communication.portalmessage", "pk": 8, "fields": {"thread": 1, "sender": 5, "content": "ASSALAMU ALYKUM", "created_at": "2026-05-07T21:46:41.319Z", "is_read": false}}, {"model": "communication.portalmessage", "pk": 9, "fields": {"thread": 5, "sender": 5, "content": "ASSALAMU ALYKUM", "created_at": "2026-05-07T21:46:41.402Z", "is_read": false}}, {"model": "communication.portalmessage", "pk": 10, "fields": {"thread": 6, "sender": 5, "content": "ASSALAMU ALYKUM", "created_at": "2026-05-07T21:46:41.487Z", "is_read": true}}, {"model": "communication.portalmessage", "pk": 11, "fields": {"thread": 7, "sender": 5, "content": "ASSALAMU ALYKUM", "created_at": "2026-05-07T21:46:41.556Z", "is_read": false}}, {"model": "communication.portalmessage", "pk": 12, "fields": {"thread": 2, "sender": 2, "content": "WAALYKUM SALAM", "created_at": "2026-05-07T21:47:59.013Z", "is_read": false}}, {"model": "communication.portalmessage", "pk": 13, "fields": {"thread": 2, "sender": 2, "content": "Any problem?", "created_at": "2026-05-07T23:04:32.816Z", "is_read": false}}, {"model": "communication.portalmessage", "pk": 14, "fields": {"thread": 2, "sender": 2, "content": "Assalamu alaykum", "created_at": "2026-05-12T09:10:23.846Z", "is_read": false}}, {"model": "communication.portalmessage", "pk": 15, "fields": {"thread": 3, "sender": 5, "content": "waalykum salam", "created_at": "2026-05-12T09:12:23.172Z", "is_read": false}}, {"model": "communication.portalmessage", "pk": 16, "fields": {"thread": 3, "sender": 5, "content": "alright", "created_at": "2026-05-12T09:15:46.598Z", "is_read": false}}, {"model": "communication.portalmessage", "pk": 17, "fields": {"thread": 2, "sender": 2, "content": "Hi", "created_at": "2026-05-12T09:17:10.545Z", "is_read": false}}, {"model": "communication.portalmessage", "pk": 18, "fields": {"thread": 2, "sender": 5, "content": "hello", "created_at": "2026-05-12T09:38:13.878Z", "is_read": true}}, {"model": "communication.portalmessage", "pk": 19, "fields": {"thread": 2, "sender": 2, "content": "The Gemini integration is using the OpenAI endpoint instead of the Google Gemini endpoint.\r\n\r\nCurrent behavior:\r\n- GEMINI_API_KEY is loaded correctly\r\n- Requests return OpenAI invalid_api_key errors\r\n- Error references platform.openai.com\r\n\r\nFix required:\r\n1. Replace OpenAI API endpoint with Gemini endpoint\r\n2. Use Google Generative AI SDK correctly\r\n3. Configure Gemini model properly\r\n\r\nExpected implementation:\r\n- Use google.generativeai or google.genai SDK\r\n- Configure with GEMINI_API_KEY\r\n- Use Gemini model like:\r\n    gemini-1.5-flash\r\n    or gemini-1.5-pro\r\n\r\nDo not send Gemini requests to OpenAI endpoints.", "created_at": "2026-05-22T19:35:17.611Z", "is_read": false}}, {"model": "communication.portalmessage", "pk": 20, "fields": {"thread": 2, "sender": 5, "content": "I want to redesign and stabilize the exam paper builder so that diagrams, charts, tables, images, and rich content behave like Microsoft Word and persist correctly across editing, saving, previewing, printing, and PDF generation.\r\n\r\nCurrent issues:\r\n\r\n* Diagrams/charts appear in CKEditor during editing but disappear after saving and reopening.\r\n* Diagrams/charts do not appear in preview or print views.\r\n* Diagram placement is unclear and not user-friendly.\r\n* The current diagram builder is shape-based and lacks freehand drawing.\r\n\r\nRequired improvements:\r\n\r\n1. Make CKEditor the single source of truth.\r\n\r\n* All diagrams, charts, tables, images, and rich content must be inserted directly into CKEditor at the current cursor position.\r\n* Do not store diagrams separately from question content.\r\n* Everything visible in the editor must become part of the saved HTML content.\r\n\r\n2. Fix diagram/chart persistence.\r\n\r\n* Verify that diagrams are inserted as actual <img> elements inside CKEditor.\r\n* Ensure images are included in editor.getData() before form submission.\r\n* Ensure submitted HTML contains the image tags.\r\n* Ensure Django saves the full HTML content including images and tables.\r\n* Ensure saved content is restored correctly when editing an existing exam.\r\n* Ensure images remain available after page reloads.\r\n\r\n3. Fix preview, printing, and PDF rendering.\r\n\r\n* Preview, print, and PDF views must render exactly the same content stored in CKEditor.\r\n* Preserve and display:\r\n    * img\r\n    * table\r\n    * thead\r\n    * tbody\r\n    * tr\r\n    * td\r\n    * th\r\n    * figure\r\n    * captions\r\n* Ensure no sanitization removes these elements.\r\n* Ensure templates render stored HTML correctly instead of escaping it.\r\n* What teachers see in CKEditor should match preview and print output.\r\n\r\n4. Improve diagram builder UX.\r\n\r\n* Keep existing Konva.js integration.\r\n* Add:\r\n    * Select tool\r\n    * Rectangle\r\n    * Circle\r\n    * Triangle\r\n    * Straight line\r\n    * Arrow\r\n    * Text labels\r\n    * Delete selected object\r\n    * Undo\r\n    * Redo\r\n    * Bring forward\r\n    * Send backward\r\n    * Stroke color picker\r\n    * Fill color picker\r\n    * Line thickness selector\r\n    * Grid background\r\n    * Optional snap-to-grid\r\n\r\n5. Add freehand drawing.\r\n\r\n* Add Pen tool.\r\n* Add Eraser tool.\r\n* Allow smooth freehand drawing similar to Microsoft Paint.\r\n* Allow brush size selection.\r\n* Allow brush color selection.\r\n* Support undo/redo for freehand strokes.\r\n\r\n6. Improve image handling.\r\n\r\n* Allow:\r\n    * Upload image\r\n    * Draw diagram\r\n    * Insert chart\r\n    * Insert table\r\n* Insert all generated content directly into CKEditor at cursor position.\r\n* Allow image resizing.\r\n* Allow image alignment:\r\n    * Left\r\n    * Center\r\n    * Right\r\n* Allow drag-and-drop positioning inside content.\r\n\r\n7. Improve chart insertion.\r\n\r\n* Charts should export as PNG and be inserted into CKEditor automatically.\r\n* Charts must persist after save.\r\n* Charts must appear in preview, print, and PDF output.\r\n\r\n8. Improve table support.\r\n\r\n* Tables inserted in CKEditor must persist after save.\r\n* Tables must render correctly in preview and print.\r\n* Add controls for:\r\n    * Insert row\r\n    * Delete row\r\n    * Insert column\r\n    * Delete column\r\n    * Merge cells\r\n    * Table styling\r\n\r\n9. Verification.\r\n    After implementation, test the following workflow:\r\n\r\n* Create exam\r\n* Insert diagram\r\n* Insert freehand drawing\r\n* Insert chart\r\n* Insert table\r\n* Save draft\r\n* Reopen draft\r\n* Submit exam\r\n* Preview exam\r\n* Print exam\r\n* Generate PDF\r\n\r\nAll inserted content must remain visible and identical throughout the entire workflow.\r\n\r\nThe final experience should feel as close as possible to Microsoft Word while remaining inside the Django exam builder.", "created_at": "2026-06-09T04:55:52.229Z", "is_read": true}}, {"model": "communication.portalmessage", "pk": 21, "fields": {"thread": 2, "sender": 2, "content": "Exam Builder / Diagram Builder Issues Requiring Investigation\r\n\r\n1. Free Draw Tool Creates Spider-Web Lines\r\n\r\nCurrent Behavior\r\n\r\n- Occurs on both desktop and mobile.\r\n- A single stroke produces multiple crossing lines.\r\n- Random connections are created between distant points.\r\n- Drawing resembles a spider web instead of a smooth freehand line.\r\n\r\nImportant Finding\r\n\r\nSince the same issue occurs with both mouse and touch input, this is not merely a mobile touch-event problem.\r\n\r\nLikely Causes\r\n\r\n- Entire point history is being connected repeatedly.\r\n- Previous stroke points are not cleared when a new stroke starts.\r\n- All points are being stored globally and connected together.\r\n- Draw tool is behaving like a polyline/path tool rather than a pencil tool.\r\n- Incorrect draw loop implementation.\r\n\r\nExpected Behavior\r\n\r\n- One finger/mouse movement should create one continuous path.\r\n- New strokes should not connect to previous strokes.\r\n- Only adjacent points should be connected.\r\n\r\n---\r\n\r\n2. Mobile Canvas Scrolls While Drawing\r\n\r\nCurrent Behavior\r\n\r\n- While drawing on mobile, the page scrolls.\r\n- The canvas moves beneath the finger.\r\n- Drawing becomes difficult and inaccurate.\r\n\r\nExpected Behavior\r\n\r\n- Once drawing begins, scrolling should be disabled.\r\n- Finger movement should affect only the canvas.\r\n\r\n---\r\n\r\n3. Undo Button Not Working\r\n\r\nCurrent Behavior\r\n\r\n- Clicking Undo does nothing.\r\n- No visible change occurs.\r\n\r\nExpected Behavior\r\n\r\n- Previous drawing action should be reversed.\r\n- Canvas should return to the previous state.\r\n\r\nPossible Cause\r\n\r\n- Undo stack not populated.\r\n- Canvas state not being saved before edits.\r\n- Undo handler disconnected.\r\n\r\n---\r\n\r\n4. Redo Button Not Working\r\n\r\nCurrent Behavior\r\n\r\n- Clicking Redo does nothing.\r\n\r\nExpected Behavior\r\n\r\n- Previously undone action should be restored.\r\n\r\nPossible Cause\r\n\r\n- Redo stack never populated.\r\n- Redo logic incomplete.\r\n- Event handler disconnected.\r\n\r\n---\r\n\r\n5. Resize Handles Not Working\r\n\r\nCurrent Behavior\r\n\r\n- Resize handles appear around inserted diagrams.\r\n- Dragging handles does not resize the diagram.\r\n\r\nExpected Behavior\r\n\r\n- Diagram should resize smoothly.\r\n- Updated size should be retained.\r\n\r\nPossible Cause\r\n\r\n- Resize listeners not attached.\r\n- Pointer events disabled.\r\n- Widget resize integration incomplete.\r\n\r\n---\r\n\r\n6. Add Diagram Does Not Support Question Placement\r\n\r\nCurrent Behavior\r\n\r\n- Diagram insertion is tied to Supplementary Resources.\r\n- Cannot intentionally insert into:\r\n  - Question Text\r\n  - Option A\r\n  - Option B\r\n  - Option C\r\n  - Option D\r\n  - Teacher Guide\r\n\r\nExpected Behavior\r\n\r\nBefore opening Diagram Builder, user should choose target editor:\r\n\r\n- Question Text\r\n- Option A\r\n- Option B\r\n- Option C\r\n- Option D\r\n- Supplementary Resources\r\n- Teacher Guide\r\n\r\nThen insert directly into the selected CKEditor instance.\r\n\r\n---\r\n\r\n7. Add Chart Has Same Limitation\r\n\r\nCurrent Behavior\r\n\r\n- Charts are restricted to Supplementary Resources.\r\n\r\nExpected Behavior\r\n\r\nCharts should be insertable into any CKEditor field, including Question Text and Options.\r\n\r\n---\r\n\r\n8. Uploaded Images Are Not Appearing\r\n\r\nCurrent Behavior\r\n\r\n- Selecting image files appears successful.\r\n- Images do not appear after saving.\r\n\r\nInvestigation Required\r\n\r\nVerify:\r\n\r\n- Upload success.\r\n- Database storage.\r\n- File creation.\r\n- Media URL generation.\r\n- CKEditor HTML persistence.\r\n- PythonAnywhere media configuration.\r\n\r\n---\r\n\r\n9. Diagram Appears in Preview but Disappears on Edit Page\r\n\r\nCurrent Behavior\r\n\r\n1. Create diagram.\r\n2. Export and insert.\r\n3. Save draft.\r\n4. Preview page displays diagram correctly.\r\n5. Return to Edit page.\r\n6. Diagram is missing from editor.\r\n\r\nImportant Finding\r\n\r\nThis proves:\r\n\r\n- Diagram is successfully saved.\r\n- Database persistence works.\r\n- Preview rendering works.\r\n\r\nThe failure occurs only when loading the Edit page.\r\n\r\nLikely Causes\r\n\r\n- CKEditor content not reloaded.\r\n- Dynamic question builder not restoring diagram HTML.\r\n- CKEditor initialization clearing saved content.\r\n- Existing question reconstruction ignoring rich content fields.\r\n\r\nInvestigation Required\r\n\r\nCheck:\r\n\r\n- Stored HTML in database.\r\n- CKEditor initialization code.\r\n- editor.setData() calls.\r\n- Dynamic question reconstruction logic.\r\n\r\n---\r\n\r\n10. Diagram Persistence Is Inconsistent\r\n\r\nCurrent Behavior\r\n\r\n- Diagram can appear immediately after insertion.\r\n- Diagram appears on Preview page.\r\n- Diagram disappears from Edit page.\r\n\r\nExpected Behavior\r\n\r\nDiagram should:\r\n\r\n- Appear immediately after insertion.\r\n- Remain visible after save.\r\n- Reappear when editing.\r\n- Remain visible in preview.\r\n- Remain visible in final exam rendering.\r\n\r\n---\r\n\r\n11. Full Rich Media Support Needed\r\n\r\nThe system should support diagrams, charts, and images inside:\r\n\r\n- Question Text\r\n- Objective Questions\r\n- Theory Questions\r\n- Matching Questions\r\n- Options A–D\r\n- Teacher Guide\r\n- Supplementary Resources\r\n- Sub-questions\r\n\r\nThis is required for:\r\n\r\n- Mathematics\r\n- Physics\r\n- Chemistry\r\n- Biology\r\n- Geography\r\n- Basic Science\r\n- Technical Drawing\r\n\r\n---\r\n\r\nPriority Order\r\n\r\nCritical\r\n\r\n1. Fix Free Draw spider-web bug.\r\n2. Fix Undo.\r\n3. Fix Redo.\r\n4. Fix Resize.\r\n\r\nHigh\r\n\r\n5. Fix diagram loading on Edit page.\r\n6. Fix uploaded image display.\r\n7. Verify diagram persistence across save/edit/reload.\r\n\r\nFeature Improvements\r\n\r\n8. Allow diagram insertion into any CKEditor.\r\n9. Allow chart insertion into any CKEditor.\r\n10. Improve media handling across all question types.\r\n\r\nMost Likely Root Cause\r\n\r\nSeveral features (Free Draw, Undo, Redo, Resize, Diagram Reloading) appear partially implemented or disconnected. This suggests the Diagram Builder's JavaScript state management and editor integration require a full audit rather than isolated fixes.", "created_at": "2026-06-09T06:06:18.168Z", "is_read": false}}, {"model": "communication.portalmessage", "pk": 22, "fields": {"thread": 8, "sender": 9, "content": "hello", "created_at": "2026-06-17T11:37:04.087Z", "is_read": false}}, {"model": "pages.page", "pk": 3, "fields": {"show_in_navigation": true, "url_prefix": "announcements", "title": "hello", "slug": "hello", "content": "raise VariableDoesNotExist(\r\ndjango.template.base.VariableDoesNotExist: Failed lookup for key [author] in <Announcement: mine>\r\n2026-04-23 00:28:28,867: Not Found: /page/announcement/1\r\n2026-04-23 00:30:32,870: Not Found: /page/annoucement/1\r\n2026-04-23 00:31:23,809: Not Found: /pagehello\r\n2026-04-23 00:31:45,437: Not Found: /page/hello/\r\n2026-04-23 00:33:33,737: Not Found: /page/annoucement/1\r\n2026-04-23 00:36:25,007: Not Found: /page/hello/\r\n2026-04-23 00:36:46,527: Not Found: /pages/hello\r\n2026-04-23 00:49:40,131: OSError: write error\r\n2026-04-23 00:49:42,075: OSError: write error\r\n2026-04-23 00:49:44,176: OSError: write error\r\n2026-04-23 01:30:25,584: Not Found: /classes/annoucement1\r\n2026-04-23 01:31:00,249: Not Found: /classes/page/annoucement1\r\n2026-04-23 01:32:32,897: Not Found: /classes/page/annoucement1\r\n2026-04-23 01:32:45,496: Not Found: /classes/pages/annoucement1\r\n2026-04-23 01:33:38,859: Not Found: /page/annoucement1/\r\n2026-04-23 01:35:57,887: Not Found: /static/admin-colorpicker.css\r\n2026-04-23 01:38:55,487: Not Found: /classes/page/annoucement1/\r\n2026-04-23 01:41:20,729: Not Found: /page/annoucement1/    raise VariableDoesNotExist(\r\ndjango.template.base.VariableDoesNotExist: Failed lookup for key [author] in <Announcement: mine>\r\n2026-04-23 00:28:28,867: Not Found: /page/announcement/1\r\n2026-04-23 00:30:32,870: Not Found: /page/annoucement/1\r\n2026-04-23 00:31:23,809: Not Found: /pagehello\r\n2026-04-23 00:31:45,437: Not Found: /page/hello/\r\n2026-04-23 00:33:33,737: Not Found: /page/annoucement/1\r\n2026-04-23 00:36:25,007: Not Found: /page/hello/\r\n2026-04-23 00:36:46,527: Not Found: /pages/hello\r\n2026-04-23 00:49:40,131: OSError: write error\r\n2026-04-23 00:49:42,075: OSError: write error\r\n2026-04-23 00:49:44,176: OSError: write error\r\n2026-04-23 01:30:25,584: Not Found: /classes/annoucement1\r\n2026-04-23 01:31:00,249: Not Found: /classes/page/annoucement1\r\n2026-04-23 01:32:32,897: Not Found: /classes/page/annoucement1\r\n2026-04-23 01:32:45,496: Not Found: /classes/pages/annoucement1\r\n2026-04-23 01:33:38,859: Not Found: /page/annoucement1/\r\n2026-04-23 01:35:57,887: Not Found: /static/admin-colorpicker.css\r\n2026-04-23 01:38:55,487: Not Found: /classes/page/annoucement1/\r\n2026-04-23 01:41:20,729: Not Found: /page/annoucement1/", "template": "default.html", "page_type": "normal", "metadata": {}, "is_published": true, "show_on_homepage": true, "theme": "default", "created_at": "2026-04-23T00:48:03.772Z", "updated_at": "2026-04-23T22:36:16.449Z"}}, {"model": "pages.page", "pk": 4, "fields": {"show_in_navigation": true, "url_prefix": "results", "title": "Admission", "slug": "admission", "content": "Check your result", "template": "default.html", "page_type": "messages", "metadata": {}, "is_published": true, "show_on_homepage": false, "theme": "default", "created_at": "2026-05-08T11:04:48.717Z", "updated_at": "2026-05-08T11:04:48.717Z"}}, {"model": "pages.pagecontent", "pk": 4, "fields": {"page": 3, "title": "Hello", "body": "Greetings", "image": "", "extra_data": {}, "created_by": 5, "is_published": true, "order": 1, "show_on_homepage": false, "created_at": "2026-04-23T00:48:03.779Z", "updated_at": "2026-04-28T12:11:41.391Z"}}, {"model": "pages.pagecontent", "pk": 5, "fields": {"page": 4, "title": "Admission", "body": "You can now check your results", "image": "", "extra_data": {}, "created_by": 5, "is_published": true, "order": 2, "show_on_homepage": false, "created_at": "2026-05-08T11:05:56.857Z", "updated_at": "2026-05-08T11:05:56.857Z"}}, {"model": "cbt.cbtexam", "pk": 1, "fields": {"name": "ABIMBOLA HAFSOH", "exam_mode": "practice", "question_mode": "manual", "randomize_questions": true, "randomize_answers": true, "allow_navigation": true, "one_at_a_time": true, "show_instant_results": true, "show_corrections": true, "allow_review": true, "total_questions_to_display": null, "balance_by_difficulty": false, "balance_by_topic": false, "question_bank": null, "subject": 2, "school_class": 1, "term": 3, "linked_exam": 5, "duration_minutes": 60, "start_datetime": "2026-05-22T00:14:00Z", "end_datetime": "2026-05-30T00:14:00Z", "is_published": true, "is_active": true, "allow_ai_questions": true, "created_by": 2, "created_at": "2026-05-22T00:15:04.853Z", "updated_at": "2026-05-22T00:38:43.085Z"}}, {"model": "cbt.cbtexam", "pk": 2, "fields": {"name": "ABIMBOLA HAFSOH", "exam_mode": "practice", "question_mode": "manual", "randomize_questions": true, "randomize_answers": true, "allow_navigation": true, "one_at_a_time": true, "show_instant_results": true, "show_corrections": true, "allow_review": true, "total_questions_to_display": null, "balance_by_difficulty": false, "balance_by_topic": false, "question_bank": null, "subject": 2, "school_class": 1, "term": 3, "linked_exam": 5, "duration_minutes": 60, "start_datetime": "2026-05-22T00:49:00Z", "end_datetime": "2026-05-30T00:49:00Z", "is_published": true, "is_active": true, "allow_ai_questions": false, "created_by": 2, "created_at": "2026-05-22T00:49:20.448Z", "updated_at": "2026-05-22T10:01:25.627Z"}}, {"model": "cbt.cbtexam", "pk": 3, "fields": {"name": "Mine", "exam_mode": "practice", "question_mode": "manual", "randomize_questions": true, "randomize_answers": true, "allow_navigation": true, "one_at_a_time": true, "show_instant_results": true, "show_corrections": true, "allow_review": true, "total_questions_to_display": null, "balance_by_difficulty": false, "balance_by_topic": false, "question_bank": null, "subject": 2, "school_class": 1, "term": 3, "linked_exam": 5, "duration_minutes": 60, "start_datetime": "2026-05-22T18:50:00Z", "end_datetime": "2026-05-31T18:50:00Z", "is_published": true, "is_active": true, "allow_ai_questions": true, "created_by": 2, "created_at": "2026-05-22T18:51:38.281Z", "updated_at": "2026-05-22T18:51:38.281Z"}}, {"model": "cbt.cbtexam", "pk": 4, "fields": {"name": "English", "exam_mode": "real", "question_mode": "manual", "randomize_questions": true, "randomize_answers": false, "allow_navigation": true, "one_at_a_time": false, "show_instant_results": false, "show_corrections": false, "allow_review": true, "total_questions_to_display": null, "balance_by_difficulty": false, "balance_by_topic": false, "question_bank": null, "subject": 1, "school_class": 1, "term": 3, "linked_exam": 5, "duration_minutes": 60, "start_datetime": "2026-06-03T11:10:00Z", "end_datetime": "2026-09-04T01:19:00Z", "is_published": true, "is_active": true, "allow_ai_questions": true, "created_by": 2, "created_at": "2026-06-03T11:10:48.807Z", "updated_at": "2026-06-03T11:10:48.807Z"}}, {"model": "cbt.airequestmetric", "pk": 1, "fields": {"user": 2, "exam": 1, "date": "2026-05-23", "request_type": "generate_ai_questions", "status": "quota_failure", "error_code": "GeminiQuotaError", "latency_ms": null, "token_usage": null, "created_at": "2026-05-23T07:13:27.200Z"}}, {"model": "cbt.airequestmetric", "pk": 2, "fields": {"user": 2, "exam": 1, "date": "2026-05-23", "request_type": "generate_ai_questions", "status": "quota_failure", "error_code": "GeminiQuotaError", "latency_ms": null, "token_usage": null, "created_at": "2026-05-23T07:13:44.494Z"}}, {"model": "cbt.airequestmetric", "pk": 3, "fields": {"user": 2, "exam": 3, "date": "2026-05-24", "request_type": "generate_ai_questions", "status": "quota_failure", "error_code": "GeminiQuotaError", "latency_ms": null, "token_usage": null, "created_at": "2026-05-24T08:35:10.087Z"}}, {"model": "cbt.airequestmetric", "pk": 4, "fields": {"user": 2, "exam": 3, "date": "2026-05-24", "request_type": "generate_ai_questions", "status": "quota_failure", "error_code": "GeminiQuotaError", "latency_ms": null, "token_usage": null, "created_at": "2026-05-24T08:35:29.614Z"}}, {"model": "cbt.airequestmetric", "pk": 5, "fields": {"user": 2, "exam": 3, "date": "2026-05-24", "request_type": "generate_ai_questions", "status": "failure", "error_code": "GeminiAPIError", "latency_ms": null, "token_usage": null, "created_at": "2026-05-24T10:01:11.834Z"}}, {"model": "cbt.airequestmetric", "pk": 6, "fields": {"user": 2, "exam": 3, "date": "2026-05-24", "request_type": "generate_ai_questions", "status": "failure", "error_code": "GeminiAPIError", "latency_ms": null, "token_usage": null, "created_at": "2026-05-24T10:01:27.427Z"}}, {"model": "cbt.airequestmetric", "pk": 7, "fields": {"user": 2, "exam": 3, "date": "2026-05-24", "request_type": "generate_ai_questions", "status": "quota_failure", "error_code": "GeminiQuotaError", "latency_ms": null, "token_usage": null, "created_at": "2026-05-24T10:04:24.839Z"}}, {"model": "cbt.airequestmetric", "pk": 8, "fields": {"user": 2, "exam": 3, "date": "2026-05-24", "request_type": "generate_ai_questions", "status": "quota_failure", "error_code": "GeminiQuotaError", "latency_ms": null, "token_usage": null, "created_at": "2026-05-24T10:04:43.659Z"}}, {"model": "cbt.airequestmetric", "pk": 9, "fields": {"user": 2, "exam": 3, "date": "2026-05-29", "request_type": "generate_ai_questions", "status": "quota_failure", "error_code": "GeminiQuotaError", "latency_ms": null, "token_usage": null, "created_at": "2026-05-29T08:45:41.297Z"}}, {"model": "cbt.airequestmetric", "pk": 10, "fields": {"user": 2, "exam": 4, "date": "2026-06-03", "request_type": "generate_ai_questions", "status": "quota_failure", "error_code": "GeminiQuotaError", "latency_ms": null, "token_usage": null, "created_at": "2026-06-03T11:12:28.046Z"}}, {"model": "cbt.airequestmetric", "pk": 11, "fields": {"user": 2, "exam": 4, "date": "2026-06-06", "request_type": "generate_ai_questions", "status": "quota_failure", "error_code": "GeminiQuotaError", "latency_ms": null, "token_usage": null, "created_at": "2026-06-06T05:13:43.884Z"}}, {"model": "cbt.airequestmetric", "pk": 12, "fields": {"user": 2, "exam": 4, "date": "2026-06-06", "request_type": "generate_ai_questions", "status": "quota_failure", "error_code": "GeminiQuotaError", "latency_ms": null, "token_usage": null, "created_at": "2026-06-06T05:25:08.635Z"}}, {"model": "cbt.airequestmetric", "pk": 13, "fields": {"user": 2, "exam": 4, "date": "2026-06-06", "request_type": "generate_ai_questions", "status": "quota_failure", "error_code": "GeminiQuotaError", "latency_ms": null, "token_usage": null, "created_at": "2026-06-06T10:24:20.264Z"}}, {"model": "cbt.airequestmetric", "pk": 14, "fields": {"user": 2, "exam": 4, "date": "2026-06-12", "request_type": "generate_ai_questions", "status": "quota_failure", "error_code": "GeminiQuotaError", "latency_ms": null, "token_usage": null, "created_at": "2026-06-12T02:35:31.239Z"}}, {"model": "cbt.cbtquestion", "pk": 1, "fields": {"exam": 2, "question_bank": null, "prompt": "what is your name", "question_type": "mcq", "mark_value": "1.00", "explanation": "", "image": "", "topic": "my self", "difficulty": "easy", "order": 0, "is_active": true, "created_at": "2026-05-22T10:20:02.201Z"}}, {"model": "cbt.cbtquestion", "pk": 2, "fields": {"exam": 2, "question_bank": null, "prompt": "what is your name", "question_type": "mcq", "mark_value": "1.00", "explanation": "", "image": "", "topic": "my self", "difficulty": "easy", "order": 1, "is_active": true, "created_at": "2026-05-22T10:20:02.214Z"}}, {"model": "cbt.cbtquestion", "pk": 3, "fields": {"exam": 1, "question_bank": null, "prompt": "mmmm", "question_type": "mcq", "mark_value": "1.00", "explanation": "", "image": "", "topic": "f", "difficulty": "easy", "order": 0, "is_active": true, "created_at": "2026-05-22T10:49:50.504Z"}}, {"model": "cbt.cbtquestion", "pk": 4, "fields": {"exam": 1, "question_bank": null, "prompt": "my you", "question_type": "mcq", "mark_value": "1.00", "explanation": "", "image": "", "topic": "gg", "difficulty": "easy", "order": 1, "is_active": true, "created_at": "2026-05-22T10:49:50.514Z"}}, {"model": "cbt.cbtquestion", "pk": 5, "fields": {"exam": 1, "question_bank": null, "prompt": "food", "question_type": "mcq", "mark_value": "1.00", "explanation": "", "image": "", "topic": "dd", "difficulty": "easy", "order": 2, "is_active": true, "created_at": "2026-05-22T10:49:50.516Z"}}, {"model": "cbt.cbtquestion", "pk": 6, "fields": {"exam": 2, "question_bank": null, "prompt": "jjjj", "question_type": "mcq", "mark_value": "1.00", "explanation": "", "image": "", "topic": "jj", "difficulty": "easy", "order": 2, "is_active": true, "created_at": "2026-05-22T11:05:03.894Z"}}, {"model": "cbt.cbtchoice", "pk": 7, "fields": {"question": 3, "text": "yiu", "is_correct": false, "order": 0}}, {"model": "cbt.cbtchoice", "pk": 8, "fields": {"question": 3, "text": "nt", "is_correct": false, "order": 1}}, {"model": "cbt.cbtchoice", "pk": 9, "fields": {"question": 3, "text": "me", "is_correct": true, "order": 2}}, {"model": "cbt.cbtchoice", "pk": 10, "fields": {"question": 4, "text": "a", "is_correct": false, "order": 0}}, {"model": "cbt.cbtchoice", "pk": 11, "fields": {"question": 4, "text": "bb", "is_correct": true, "order": 1}}, {"model": "cbt.cbtchoice", "pk": 12, "fields": {"question": 4, "text": "cc", "is_correct": false, "order": 2}}, {"model": "cbt.cbtchoice", "pk": 13, "fields": {"question": 5, "text": "rice", "is_correct": true, "order": 0}}, {"model": "cbt.cbtchoice", "pk": 14, "fields": {"question": 5, "text": "gg", "is_correct": false, "order": 1}}, {"model": "cbt.cbtchoice", "pk": 15, "fields": {"question": 5, "text": "mo", "is_correct": false, "order": 2}}, {"model": "cbt.cbtchoice", "pk": 16, "fields": {"question": 1, "text": "sodiq", "is_correct": true, "order": 0}}, {"model": "cbt.cbtchoice", "pk": 17, "fields": {"question": 1, "text": "him", "is_correct": false, "order": 1}}, {"model": "cbt.cbtchoice", "pk": 18, "fields": {"question": 1, "text": "me", "is_correct": false, "order": 2}}, {"model": "cbt.cbtchoice", "pk": 19, "fields": {"question": 2, "text": "sodiq", "is_correct": true, "order": 0}}, {"model": "cbt.cbtchoice", "pk": 20, "fields": {"question": 2, "text": "him", "is_correct": false, "order": 1}}, {"model": "cbt.cbtchoice", "pk": 21, "fields": {"question": 2, "text": "me", "is_correct": false, "order": 2}}, {"model": "cbt.cbtchoice", "pk": 22, "fields": {"question": 6, "text": "jj", "is_correct": false, "order": 0}}, {"model": "cbt.cbtchoice", "pk": 23, "fields": {"question": 6, "text": "jjjj", "is_correct": false, "order": 1}}, {"model": "cbt.cbtchoice", "pk": 24, "fields": {"question": 6, "text": "jjjjjjj", "is_correct": true, "order": 2}}, {"model": "cbt.cbtstudentattempt", "pk": 1, "fields": {"uuid": "9f6f8e84-619e-4294-9dcd-5778cb790f2b", "exam": 1, "student": null, "session_key": "8qkn6is56c46nonecotudc8j5s7vz6jm", "started_at": "2026-05-22T00:15:43.421Z", "last_saved_at": "2026-05-22T00:15:43.421Z", "completed_at": null, "is_submitted": false, "score": null, "is_scored": false}}, {"model": "cbt.cbtstudentattempt", "pk": 2, "fields": {"uuid": "4cd901ae-6def-47cd-9cc3-ce5f516c0c9f", "exam": 1, "student": null, "session_key": "8qkn6is56c46nonecotudc8j5s7vz6jm", "started_at": "2026-05-22T00:16:39.214Z", "last_saved_at": "2026-05-22T00:16:39.214Z", "completed_at": null, "is_submitted": false, "score": null, "is_scored": false}}, {"model": "cbt.cbtstudentattempt", "pk": 3, "fields": {"uuid": "22b249c0-68bc-4892-a9be-31580f862db7", "exam": 1, "student": null, "session_key": "79g7o7ybrr8kw3jt7v6g8mvm7ab4fnz1", "started_at": "2026-05-22T10:23:49.005Z", "last_saved_at": "2026-05-22T10:23:49.005Z", "completed_at": null, "is_submitted": false, "score": null, "is_scored": false}}, {"model": "cbt.cbtstudentattempt", "pk": 4, "fields": {"uuid": "8e377426-8bc2-4955-a581-3c66dddca390", "exam": 2, "student": null, "session_key": "79g7o7ybrr8kw3jt7v6g8mvm7ab4fnz1", "started_at": "2026-05-22T10:24:30.541Z", "last_saved_at": "2026-05-22T10:29:29.513Z", "completed_at": null, "is_submitted": false, "score": null, "is_scored": false}}, {"model": "cbt.cbtstudentattempt", "pk": 5, "fields": {"uuid": "c1731d06-f9f1-4827-bbe1-50b9691afe7a", "exam": 1, "student": null, "session_key": "lq6w2fgraeafm0yegf7cvxzq8z2mwo3l", "started_at": "2026-05-22T10:51:06.158Z", "last_saved_at": "2026-05-22T11:01:57.315Z", "completed_at": null, "is_submitted": false, "score": null, "is_scored": false}}, {"model": "cbt.cbtstudentattempt", "pk": 6, "fields": {"uuid": "ab5eb29b-1079-44be-92db-cde56f3d557c", "exam": 1, "student": null, "session_key": "lq6w2fgraeafm0yegf7cvxzq8z2mwo3l", "started_at": "2026-05-22T11:03:12.320Z", "last_saved_at": "2026-05-22T11:03:12.320Z", "completed_at": null, "is_submitted": false, "score": null, "is_scored": false}}, {"model": "cbt.cbtstudentattempt", "pk": 7, "fields": {"uuid": "0c910c63-eb81-4683-8d99-1d3c2099a410", "exam": 1, "student": null, "session_key": "nodgbt7uhdhyv5x0bvohsr7jcsorxv1p", "started_at": "2026-05-22T11:05:41.961Z", "last_saved_at": "2026-05-22T11:05:41.961Z", "completed_at": null, "is_submitted": false, "score": null, "is_scored": false}}, {"model": "cbt.cbtstudentattempt", "pk": 8, "fields": {"uuid": "9d280beb-a0f6-45c8-877a-e89c2e52c062", "exam": 2, "student": null, "session_key": "nodgbt7uhdhyv5x0bvohsr7jcsorxv1p", "started_at": "2026-05-22T11:08:47.741Z", "last_saved_at": "2026-05-22T11:08:47.741Z", "completed_at": null, "is_submitted": false, "score": null, "is_scored": false}}, {"model": "cbt.cbtstudentattempt", "pk": 9, "fields": {"uuid": "eae944b6-c113-491b-b5f0-d9e06e86b56b", "exam": 2, "student": null, "session_key": "nodgbt7uhdhyv5x0bvohsr7jcsorxv1p", "started_at": "2026-05-22T11:11:53.546Z", "last_saved_at": "2026-05-22T11:11:53.546Z", "completed_at": null, "is_submitted": false, "score": null, "is_scored": false}}, {"model": "cbt.cbtstudentattempt", "pk": 10, "fields": {"uuid": "d8e10462-84d4-4127-9cc9-63eeb0f4af62", "exam": 1, "student": null, "session_key": "nodgbt7uhdhyv5x0bvohsr7jcsorxv1p", "started_at": "2026-05-22T11:12:32.721Z", "last_saved_at": "2026-05-22T11:12:32.723Z", "completed_at": null, "is_submitted": false, "score": null, "is_scored": false}}, {"model": "cbt.cbtstudentattempt", "pk": 11, "fields": {"uuid": "b7f78cba-d229-4d1e-9a7c-0e87f79ce26b", "exam": 1, "student": null, "session_key": "nodgbt7uhdhyv5x0bvohsr7jcsorxv1p", "started_at": "2026-05-22T11:24:51.212Z", "last_saved_at": "2026-05-22T11:25:48.004Z", "completed_at": "2026-05-22T11:25:54.208Z", "is_submitted": true, "score": "2.00", "is_scored": true}}, {"model": "cbt.cbtstudentattempt", "pk": 12, "fields": {"uuid": "d2bbe4e1-acc9-423a-b149-cec93522e580", "exam": 1, "student": null, "session_key": "nodgbt7uhdhyv5x0bvohsr7jcsorxv1p", "started_at": "2026-05-22T11:29:23.196Z", "last_saved_at": "2026-05-22T11:36:47.816Z", "completed_at": null, "is_submitted": false, "score": null, "is_scored": false}}, {"model": "cbt.cbtstudentattempt", "pk": 13, "fields": {"uuid": "f071b453-b55d-4ff4-813b-1285918197bc", "exam": 1, "student": null, "session_key": "nodgbt7uhdhyv5x0bvohsr7jcsorxv1p", "started_at": "2026-05-22T11:36:56.888Z", "last_saved_at": "2026-05-22T11:37:23.959Z", "completed_at": "2026-05-22T11:37:24.358Z", "is_submitted": true, "score": "2.00", "is_scored": true}}, {"model": "cbt.cbtstudentattempt", "pk": 14, "fields": {"uuid": "74b9eca8-e84e-4a66-a47e-088171239cea", "exam": 1, "student": null, "session_key": "7kdauy0jbqhfqv6l1x4894rdy23o5s9f", "started_at": "2026-05-22T12:10:45.159Z", "last_saved_at": "2026-05-22T12:11:03.724Z", "completed_at": "2026-05-22T12:11:04.321Z", "is_submitted": true, "score": "2.00", "is_scored": true}}, {"model": "cbt.cbtstudentattempt", "pk": 15, "fields": {"uuid": "e314521d-a147-4193-9e31-307443c15b76", "exam": 2, "student": null, "session_key": "7kdauy0jbqhfqv6l1x4894rdy23o5s9f", "started_at": "2026-05-22T12:17:43.363Z", "last_saved_at": "2026-05-22T12:18:04.713Z", "completed_at": "2026-05-22T12:18:05.056Z", "is_submitted": true, "score": "2.00", "is_scored": true}}, {"model": "cbt.cbtstudentattempt", "pk": 16, "fields": {"uuid": "e0c9fcec-7f1b-45c7-b787-3acb53cf5ab5", "exam": 1, "student": null, "session_key": "7kdauy0jbqhfqv6l1x4894rdy23o5s9f", "started_at": "2026-05-22T12:27:12.553Z", "last_saved_at": "2026-05-22T12:27:12.553Z", "completed_at": null, "is_submitted": false, "score": null, "is_scored": false}}, {"model": "cbt.cbtstudentattempt", "pk": 17, "fields": {"uuid": "6cf90402-0922-4778-a014-ece92db5aae7", "exam": 1, "student": null, "session_key": "7kdauy0jbqhfqv6l1x4894rdy23o5s9f", "started_at": "2026-05-22T12:27:12.686Z", "last_saved_at": "2026-05-22T12:27:56.509Z", "completed_at": "2026-05-22T12:27:56.868Z", "is_submitted": true, "score": "2.00", "is_scored": true}}, {"model": "cbt.cbtstudentattempt", "pk": 18, "fields": {"uuid": "ab27bfd9-c7a8-4efd-884e-ad062fec9a8a", "exam": 1, "student": null, "session_key": "7kdauy0jbqhfqv6l1x4894rdy23o5s9f", "started_at": "2026-05-22T12:28:09.867Z", "last_saved_at": "2026-05-22T12:29:12.661Z", "completed_at": "2026-05-22T12:29:12.999Z", "is_submitted": true, "score": "1.00", "is_scored": true}}, {"model": "cbt.cbtstudentattempt", "pk": 19, "fields": {"uuid": "0061a064-e4a4-42ca-bd97-973ac067b96f", "exam": 1, "student": null, "session_key": "7kdauy0jbqhfqv6l1x4894rdy23o5s9f", "started_at": "2026-05-22T12:29:39.469Z", "last_saved_at": "2026-05-22T12:29:39.469Z", "completed_at": null, "is_submitted": false, "score": null, "is_scored": false}}, {"model": "cbt.cbtstudentattempt", "pk": 20, "fields": {"uuid": "e730bd68-90ae-471f-ab92-9ab14c88a399", "exam": 1, "student": null, "session_key": "7kdauy0jbqhfqv6l1x4894rdy23o5s9f", "started_at": "2026-05-22T12:59:10.935Z", "last_saved_at": "2026-05-22T13:01:11.192Z", "completed_at": "2026-05-22T13:01:11.619Z", "is_submitted": true, "score": "2.00", "is_scored": true}}, {"model": "cbt.cbtstudentattempt", "pk": 21, "fields": {"uuid": "65bfd062-4634-4069-9d03-20f548429650", "exam": 1, "student": null, "session_key": "u91zswnftxiorfdzymk5kwdowz43i3si", "started_at": "2026-05-22T14:17:45.056Z", "last_saved_at": "2026-05-22T14:19:15.957Z", "completed_at": "2026-05-22T14:19:16.356Z", "is_submitted": true, "score": "0.00", "is_scored": true}}, {"model": "cbt.cbtstudentattempt", "pk": 22, "fields": {"uuid": "55c07a18-56e1-4c40-a85a-97b2d1052171", "exam": 1, "student": null, "session_key": "u91zswnftxiorfdzymk5kwdowz43i3si", "started_at": "2026-05-22T14:23:36.448Z", "last_saved_at": "2026-05-22T14:23:55.883Z", "completed_at": "2026-05-22T14:23:56.242Z", "is_submitted": true, "score": "2.00", "is_scored": true}}, {"model": "cbt.cbtstudentattempt", "pk": 23, "fields": {"uuid": "7c9f9197-1a2f-46c7-9f0a-690a0f761423", "exam": 1, "student": null, "session_key": "u91zswnftxiorfdzymk5kwdowz43i3si", "started_at": "2026-05-22T14:42:06.973Z", "last_saved_at": "2026-05-22T14:42:49.626Z", "completed_at": "2026-05-22T14:42:50.072Z", "is_submitted": true, "score": "1.00", "is_scored": true}}, {"model": "cbt.cbtstudentattempt", "pk": 24, "fields": {"uuid": "584204ff-2880-4e2a-a718-ae4b67c876f6", "exam": 1, "student": null, "session_key": "yi5dl5xdh1dc9pmetakkq7kowu4eokj4", "started_at": "2026-05-22T14:54:38.983Z", "last_saved_at": "2026-05-22T14:55:51.205Z", "completed_at": "2026-05-22T14:55:51.594Z", "is_submitted": true, "score": "2.00", "is_scored": true}}, {"model": "cbt.cbtstudentattempt", "pk": 25, "fields": {"uuid": "e19cc2eb-532f-436a-b300-88d4bd027a08", "exam": 1, "student": null, "session_key": "zduz71aak6ruzmdjvzolh8tecn6rymjk", "started_at": "2026-05-22T18:23:27.672Z", "last_saved_at": "2026-05-22T18:24:31.842Z", "completed_at": "2026-05-22T18:24:32.500Z", "is_submitted": true, "score": "1.00", "is_scored": true}}, {"model": "cbt.cbtstudentattempt", "pk": 26, "fields": {"uuid": "c5a87052-e4fa-4da3-84a0-0f8e42753c18", "exam": 1, "student": null, "session_key": "ke6dmc92kprnnf8u83p2pqwizzxw7w6c", "started_at": "2026-05-26T04:28:06.655Z", "last_saved_at": "2026-05-26T04:29:34.237Z", "completed_at": "2026-05-26T04:29:34.603Z", "is_submitted": true, "score": "2.00", "is_scored": true}}, {"model": "cbt.cbtstudentattempt", "pk": 27, "fields": {"uuid": "f5f5e2a7-fcba-452d-a553-631ba92212fb", "exam": 1, "student": null, "session_key": "3ll8xt0mghno57i65tz42rrlvmdzja9o", "started_at": "2026-05-30T16:51:14.835Z", "last_saved_at": "2026-05-30T16:51:14.836Z", "completed_at": null, "is_submitted": false, "score": null, "is_scored": false}}, {"model": "cbt.cbtstudentattempt", "pk": 28, "fields": {"uuid": "a3e5cdec-6e2b-450f-ac60-cf19584d7214", "exam": 2, "student": null, "session_key": "3ll8xt0mghno57i65tz42rrlvmdzja9o", "started_at": "2026-05-30T16:51:29.120Z", "last_saved_at": "2026-05-30T16:52:18.298Z", "completed_at": "2026-05-30T16:52:19.344Z", "is_submitted": true, "score": "2.00", "is_scored": true}}, {"model": "cbt.cbtstudentattempt", "pk": 29, "fields": {"uuid": "6b4b6da6-1f1a-4030-bc86-b7ded7b0862f", "exam": 1, "student": null, "session_key": "j0xtd8i4sk241y5gu9o69xjaju3mga97", "started_at": "2026-06-17T11:35:06.625Z", "last_saved_at": "2026-06-17T11:35:23.009Z", "completed_at": "2026-06-17T11:35:48.829Z", "is_submitted": true, "score": "0.00", "is_scored": true}}, {"model": "cbt.cbtanswer", "pk": 1, "fields": {"attempt": 4, "question": 1, "selected_choice": null, "selected_choices": "", "text_answer": "", "is_correct": false, "awarded_marks": "0.00", "updated_at": "2026-05-22T10:25:28.492Z"}}, {"model": "cbt.cbtanswer", "pk": 2, "fields": {"attempt": 4, "question": 2, "selected_choice": null, "selected_choices": "", "text_answer": "", "is_correct": false, "awarded_marks": "0.00", "updated_at": "2026-05-22T10:29:29.484Z"}}, {"model": "cbt.cbtanswer", "pk": 3, "fields": {"attempt": 5, "question": 3, "selected_choice": 9, "selected_choices": "", "text_answer": "", "is_correct": true, "awarded_marks": "1.00", "updated_at": "2026-05-22T11:01:57.291Z"}}, {"model": "cbt.cbtanswer", "pk": 4, "fields": {"attempt": 5, "question": 4, "selected_choice": null, "selected_choices": "", "text_answer": "", "is_correct": false, "awarded_marks": "0.00", "updated_at": "2026-05-22T10:52:41.807Z"}}, {"model": "cbt.cbtanswer", "pk": 5, "fields": {"attempt": 5, "question": 5, "selected_choice": null, "selected_choices": "", "text_answer": "", "is_correct": false, "awarded_marks": "0.00", "updated_at": "2026-05-22T10:52:40.332Z"}}, {"model": "cbt.cbtanswer", "pk": 6, "fields": {"attempt": 11, "question": 3, "selected_choice": 9, "selected_choices": "", "text_answer": "", "is_correct": true, "awarded_marks": "1.00", "updated_at": "2026-05-22T11:25:47.975Z"}}, {"model": "cbt.cbtanswer", "pk": 7, "fields": {"attempt": 11, "question": 4, "selected_choice": 10, "selected_choices": "", "text_answer": "", "is_correct": false, "awarded_marks": "0.00", "updated_at": "2026-05-22T11:25:27.950Z"}}, {"model": "cbt.cbtanswer", "pk": 8, "fields": {"attempt": 11, "question": 5, "selected_choice": 13, "selected_choices": "", "text_answer": "", "is_correct": true, "awarded_marks": "1.00", "updated_at": "2026-05-22T11:25:37.606Z"}}, {"model": "cbt.cbtanswer", "pk": 9, "fields": {"attempt": 12, "question": 3, "selected_choice": 9, "selected_choices": "", "text_answer": "", "is_correct": true, "awarded_marks": "1.00", "updated_at": "2026-05-22T11:29:45.172Z"}}, {"model": "cbt.cbtanswer", "pk": 10, "fields": {"attempt": 12, "question": 4, "selected_choice": 10, "selected_choices": "", "text_answer": "", "is_correct": false, "awarded_marks": "0.00", "updated_at": "2026-05-22T11:36:47.788Z"}}, {"model": "cbt.cbtanswer", "pk": 11, "fields": {"attempt": 12, "question": 5, "selected_choice": 13, "selected_choices": "", "text_answer": "", "is_correct": true, "awarded_marks": "1.00", "updated_at": "2026-05-22T11:29:42.723Z"}}, {"model": "cbt.cbtanswer", "pk": 12, "fields": {"attempt": 13, "question": 3, "selected_choice": 9, "selected_choices": "", "text_answer": "", "is_correct": true, "awarded_marks": "1.00", "updated_at": "2026-05-22T11:37:23.937Z"}}, {"model": "cbt.cbtanswer", "pk": 13, "fields": {"attempt": 13, "question": 4, "selected_choice": 10, "selected_choices": "", "text_answer": "", "is_correct": false, "awarded_marks": "0.00", "updated_at": "2026-05-22T11:37:07.410Z"}}, {"model": "cbt.cbtanswer", "pk": 14, "fields": {"attempt": 13, "question": 5, "selected_choice": 13, "selected_choices": "", "text_answer": "", "is_correct": true, "awarded_marks": "1.00", "updated_at": "2026-05-22T11:37:15.664Z"}}, {"model": "cbt.cbtanswer", "pk": 15, "fields": {"attempt": 14, "question": 3, "selected_choice": 9, "selected_choices": "", "text_answer": "", "is_correct": true, "awarded_marks": "1.00", "updated_at": "2026-05-22T12:10:52.506Z"}}, {"model": "cbt.cbtanswer", "pk": 16, "fields": {"attempt": 14, "question": 4, "selected_choice": 10, "selected_choices": "", "text_answer": "", "is_correct": false, "awarded_marks": "0.00", "updated_at": "2026-05-22T12:10:56.272Z"}}, {"model": "cbt.cbtanswer", "pk": 17, "fields": {"attempt": 14, "question": 5, "selected_choice": 13, "selected_choices": "", "text_answer": "", "is_correct": true, "awarded_marks": "1.00", "updated_at": "2026-05-22T12:11:03.684Z"}}, {"model": "cbt.cbtanswer", "pk": 18, "fields": {"attempt": 15, "question": 1, "selected_choice": 16, "selected_choices": "", "text_answer": "", "is_correct": true, "awarded_marks": "1.00", "updated_at": "2026-05-22T12:17:49.040Z"}}, {"model": "cbt.cbtanswer", "pk": 19, "fields": {"attempt": 15, "question": 2, "selected_choice": 19, "selected_choices": "", "text_answer": "", "is_correct": true, "awarded_marks": "1.00", "updated_at": "2026-05-22T12:17:54.954Z"}}, {"model": "cbt.cbtanswer", "pk": 20, "fields": {"attempt": 15, "question": 6, "selected_choice": 23, "selected_choices": "", "text_answer": "", "is_correct": false, "awarded_marks": "0.00", "updated_at": "2026-05-22T12:18:04.683Z"}}, {"model": "cbt.cbtanswer", "pk": 21, "fields": {"attempt": 17, "question": 3, "selected_choice": 9, "selected_choices": "", "text_answer": "", "is_correct": true, "awarded_marks": "1.00", "updated_at": "2026-05-22T12:27:21.338Z"}}, {"model": "cbt.cbtanswer", "pk": 22, "fields": {"attempt": 17, "question": 4, "selected_choice": 10, "selected_choices": "", "text_answer": "", "is_correct": false, "awarded_marks": "0.00", "updated_at": "2026-05-22T12:27:29.289Z"}}, {"model": "cbt.cbtanswer", "pk": 23, "fields": {"attempt": 17, "question": 5, "selected_choice": 13, "selected_choices": "", "text_answer": "", "is_correct": true, "awarded_marks": "1.00", "updated_at": "2026-05-22T12:27:56.480Z"}}, {"model": "cbt.cbtanswer", "pk": 24, "fields": {"attempt": 18, "question": 3, "selected_choice": 7, "selected_choices": "", "text_answer": "", "is_correct": false, "awarded_marks": "0.00", "updated_at": "2026-05-22T12:29:01.007Z"}}, {"model": "cbt.cbtanswer", "pk": 25, "fields": {"attempt": 18, "question": 4, "selected_choice": 10, "selected_choices": "", "text_answer": "", "is_correct": false, "awarded_marks": "0.00", "updated_at": "2026-05-22T12:29:04.443Z"}}, {"model": "cbt.cbtanswer", "pk": 26, "fields": {"attempt": 18, "question": 5, "selected_choice": 13, "selected_choices": "", "text_answer": "", "is_correct": true, "awarded_marks": "1.00", "updated_at": "2026-05-22T12:29:12.632Z"}}, {"model": "cbt.cbtanswer", "pk": 27, "fields": {"attempt": 20, "question": 3, "selected_choice": 9, "selected_choices": "", "text_answer": "", "is_correct": true, "awarded_marks": "1.00", "updated_at": "2026-05-22T13:01:04.132Z"}}, {"model": "cbt.cbtanswer", "pk": 28, "fields": {"attempt": 20, "question": 4, "selected_choice": 11, "selected_choices": "", "text_answer": "", "is_correct": true, "awarded_marks": "1.00", "updated_at": "2026-05-22T12:59:34.297Z"}}, {"model": "cbt.cbtanswer", "pk": 29, "fields": {"attempt": 20, "question": 5, "selected_choice": 15, "selected_choices": "", "text_answer": "", "is_correct": false, "awarded_marks": "0.00", "updated_at": "2026-05-22T13:01:11.160Z"}}, {"model": "cbt.cbtanswer", "pk": 30, "fields": {"attempt": 21, "question": 3, "selected_choice": 7, "selected_choices": "", "text_answer": "", "is_correct": false, "awarded_marks": "0.00", "updated_at": "2026-05-22T14:19:15.928Z"}}, {"model": "cbt.cbtanswer", "pk": 31, "fields": {"attempt": 21, "question": 4, "selected_choice": 10, "selected_choices": "", "text_answer": "", "is_correct": false, "awarded_marks": "0.00", "updated_at": "2026-05-22T14:17:58.977Z"}}, {"model": "cbt.cbtanswer", "pk": 32, "fields": {"attempt": 21, "question": 5, "selected_choice": 14, "selected_choices": "", "text_answer": "", "is_correct": false, "awarded_marks": "0.00", "updated_at": "2026-05-22T14:19:07.722Z"}}, {"model": "cbt.cbtanswer", "pk": 33, "fields": {"attempt": 22, "question": 3, "selected_choice": 9, "selected_choices": "", "text_answer": "", "is_correct": true, "awarded_marks": "1.00", "updated_at": "2026-05-22T14:23:44.001Z"}}, {"model": "cbt.cbtanswer", "pk": 34, "fields": {"attempt": 22, "question": 4, "selected_choice": 10, "selected_choices": "", "text_answer": "", "is_correct": false, "awarded_marks": "0.00", "updated_at": "2026-05-22T14:23:47.494Z"}}, {"model": "cbt.cbtanswer", "pk": 35, "fields": {"attempt": 22, "question": 5, "selected_choice": 13, "selected_choices": "", "text_answer": "", "is_correct": true, "awarded_marks": "1.00", "updated_at": "2026-05-22T14:23:55.858Z"}}, {"model": "cbt.cbtanswer", "pk": 36, "fields": {"attempt": 23, "question": 3, "selected_choice": 7, "selected_choices": "", "text_answer": "", "is_correct": false, "awarded_marks": "0.00", "updated_at": "2026-05-22T14:42:32.427Z"}}, {"model": "cbt.cbtanswer", "pk": 37, "fields": {"attempt": 23, "question": 4, "selected_choice": 10, "selected_choices": "", "text_answer": "", "is_correct": false, "awarded_marks": "0.00", "updated_at": "2026-05-22T14:42:39.201Z"}}, {"model": "cbt.cbtanswer", "pk": 38, "fields": {"attempt": 23, "question": 5, "selected_choice": 13, "selected_choices": "", "text_answer": "", "is_correct": true, "awarded_marks": "1.00", "updated_at": "2026-05-22T14:42:49.599Z"}}, {"model": "cbt.cbtanswer", "pk": 39, "fields": {"attempt": 24, "question": 3, "selected_choice": 9, "selected_choices": "", "text_answer": "", "is_correct": true, "awarded_marks": "1.00", "updated_at": "2026-05-22T14:55:08.476Z"}}, {"model": "cbt.cbtanswer", "pk": 40, "fields": {"attempt": 24, "question": 4, "selected_choice": 10, "selected_choices": "", "text_answer": "", "is_correct": false, "awarded_marks": "0.00", "updated_at": "2026-05-22T14:55:26.147Z"}}, {"model": "cbt.cbtanswer", "pk": 41, "fields": {"attempt": 24, "question": 5, "selected_choice": 13, "selected_choices": "", "text_answer": "", "is_correct": true, "awarded_marks": "1.00", "updated_at": "2026-05-22T14:55:51.177Z"}}, {"model": "cbt.cbtanswer", "pk": 42, "fields": {"attempt": 25, "question": 3, "selected_choice": 7, "selected_choices": "", "text_answer": "", "is_correct": false, "awarded_marks": "0.00", "updated_at": "2026-05-22T18:23:55.433Z"}}, {"model": "cbt.cbtanswer", "pk": 43, "fields": {"attempt": 25, "question": 4, "selected_choice": 12, "selected_choices": "", "text_answer": "", "is_correct": false, "awarded_marks": "0.00", "updated_at": "2026-05-22T18:24:11.969Z"}}, {"model": "cbt.cbtanswer", "pk": 44, "fields": {"attempt": 25, "question": 5, "selected_choice": 13, "selected_choices": "", "text_answer": "", "is_correct": true, "awarded_marks": "1.00", "updated_at": "2026-05-22T18:24:31.809Z"}}, {"model": "cbt.cbtanswer", "pk": 45, "fields": {"attempt": 26, "question": 3, "selected_choice": 9, "selected_choices": "", "text_answer": "", "is_correct": true, "awarded_marks": "1.00", "updated_at": "2026-05-26T04:28:32.046Z"}}, {"model": "cbt.cbtanswer", "pk": 46, "fields": {"attempt": 26, "question": 4, "selected_choice": 12, "selected_choices": "", "text_answer": "", "is_correct": false, "awarded_marks": "0.00", "updated_at": "2026-05-26T04:29:16.056Z"}}, {"model": "cbt.cbtanswer", "pk": 47, "fields": {"attempt": 26, "question": 5, "selected_choice": 13, "selected_choices": "", "text_answer": "", "is_correct": true, "awarded_marks": "1.00", "updated_at": "2026-05-26T04:29:34.214Z"}}, {"model": "cbt.cbtanswer", "pk": 48, "fields": {"attempt": 28, "question": 1, "selected_choice": 16, "selected_choices": "", "text_answer": "", "is_correct": true, "awarded_marks": "1.00", "updated_at": "2026-05-30T16:51:46.350Z"}}, {"model": "cbt.cbtanswer", "pk": 49, "fields": {"attempt": 28, "question": 2, "selected_choice": 19, "selected_choices": "", "text_answer": "", "is_correct": true, "awarded_marks": "1.00", "updated_at": "2026-05-30T16:51:53.347Z"}}, {"model": "cbt.cbtanswer", "pk": 50, "fields": {"attempt": 28, "question": 6, "selected_choice": 23, "selected_choices": "", "text_answer": "", "is_correct": false, "awarded_marks": "0.00", "updated_at": "2026-05-30T16:52:18.276Z"}}, {"model": "cbt.cbtanswer", "pk": 51, "fields": {"attempt": 29, "question": 3, "selected_choice": 7, "selected_choices": "", "text_answer": "", "is_correct": false, "awarded_marks": "0.00", "updated_at": "2026-06-17T11:35:16.293Z"}}, {"model": "cbt.cbtanswer", "pk": 52, "fields": {"attempt": 29, "question": 4, "selected_choice": 10, "selected_choices": "", "text_answer": "", "is_correct": false, "awarded_marks": "0.00", "updated_at": "2026-06-17T11:35:22.982Z"}}, {"model": "cbt.studentattemptquestion", "pk": 1, "fields": {"attempt": 4, "question": 1, "randomized_position": 1, "randomized_choice_order": "[2, 1, 3]", "is_answered": false, "is_flagged": false, "created_at": "2026-05-22T10:24:30.582Z"}}, {"model": "cbt.studentattemptquestion", "pk": 2, "fields": {"attempt": 4, "question": 2, "randomized_position": 2, "randomized_choice_order": "[6, 4, 5]", "is_answered": false, "is_flagged": false, "created_at": "2026-05-22T10:24:30.615Z"}}, {"model": "cbt.studentattemptquestion", "pk": 3, "fields": {"attempt": 5, "question": 3, "randomized_position": 1, "randomized_choice_order": "[8, 7, 9]", "is_answered": false, "is_flagged": false, "created_at": "2026-05-22T10:51:06.190Z"}}, {"model": "cbt.studentattemptquestion", "pk": 4, "fields": {"attempt": 5, "question": 4, "randomized_position": 2, "randomized_choice_order": "[12, 11, 10]", "is_answered": false, "is_flagged": false, "created_at": "2026-05-22T10:51:06.215Z"}}, {"model": "cbt.studentattemptquestion", "pk": 5, "fields": {"attempt": 5, "question": 5, "randomized_position": 3, "randomized_choice_order": "[13, 14, 15]", "is_answered": false, "is_flagged": false, "created_at": "2026-05-22T10:51:06.239Z"}}, {"model": "cbt.studentattemptquestion", "pk": 6, "fields": {"attempt": 6, "question": 3, "randomized_position": 1, "randomized_choice_order": "[8, 7, 9]", "is_answered": false, "is_flagged": false, "created_at": "2026-05-22T11:03:12.358Z"}}, {"model": "cbt.studentattemptquestion", "pk": 7, "fields": {"attempt": 6, "question": 4, "randomized_position": 2, "randomized_choice_order": "[12, 10, 11]", "is_answered": false, "is_flagged": false, "created_at": "2026-05-22T11:03:12.385Z"}}, {"model": "cbt.studentattemptquestion", "pk": 8, "fields": {"attempt": 6, "question": 5, "randomized_position": 3, "randomized_choice_order": "[13, 15, 14]", "is_answered": false, "is_flagged": false, "created_at": "2026-05-22T11:03:12.410Z"}}, {"model": "cbt.studentattemptquestion", "pk": 9, "fields": {"attempt": 7, "question": 3, "randomized_position": 1, "randomized_choice_order": "[9, 8, 7]", "is_answered": false, "is_flagged": false, "created_at": "2026-05-22T11:05:42.014Z"}}, {"model": "cbt.studentattemptquestion", "pk": 10, "fields": {"attempt": 7, "question": 4, "randomized_position": 2, "randomized_choice_order": "[10, 11, 12]", "is_answered": false, "is_flagged": false, "created_at": "2026-05-22T11:05:42.048Z"}}, {"model": "cbt.studentattemptquestion", "pk": 11, "fields": {"attempt": 7, "question": 5, "randomized_position": 3, "randomized_choice_order": "[13, 14, 15]", "is_answered": false, "is_flagged": false, "created_at": "2026-05-22T11:05:42.085Z"}}, {"model": "cbt.studentattemptquestion", "pk": 12, "fields": {"attempt": 8, "question": 1, "randomized_position": 1, "randomized_choice_order": "[16, 18, 17]", "is_answered": false, "is_flagged": false, "created_at": "2026-05-22T11:08:47.776Z"}}, {"model": "cbt.studentattemptquestion", "pk": 13, "fields": {"attempt": 8, "question": 2, "randomized_position": 2, "randomized_choice_order": "[21, 19, 20]", "is_answered": false, "is_flagged": false, "created_at": "2026-05-22T11:08:47.804Z"}}, {"model": "cbt.studentattemptquestion", "pk": 14, "fields": {"attempt": 8, "question": 6, "randomized_position": 3, "randomized_choice_order": "[23, 24, 22]", "is_answered": false, "is_flagged": false, "created_at": "2026-05-22T11:08:47.829Z"}}, {"model": "cbt.studentattemptquestion", "pk": 15, "fields": {"attempt": 9, "question": 1, "randomized_position": 1, "randomized_choice_order": "[17, 16, 18]", "is_answered": false, "is_flagged": false, "created_at": "2026-05-22T11:11:53.584Z"}}, {"model": "cbt.studentattemptquestion", "pk": 16, "fields": {"attempt": 9, "question": 2, "randomized_position": 2, "randomized_choice_order": "[20, 19, 21]", "is_answered": false, "is_flagged": false, "created_at": "2026-05-22T11:11:53.612Z"}}, {"model": "cbt.studentattemptquestion", "pk": 17, "fields": {"attempt": 9, "question": 6, "randomized_position": 3, "randomized_choice_order": "[24, 22, 23]", "is_answered": false, "is_flagged": false, "created_at": "2026-05-22T11:11:53.638Z"}}, {"model": "cbt.studentattemptquestion", "pk": 18, "fields": {"attempt": 10, "question": 3, "randomized_position": 1, "randomized_choice_order": "[9, 7, 8]", "is_answered": false, "is_flagged": false, "created_at": "2026-05-22T11:12:32.770Z"}}, {"model": "cbt.studentattemptquestion", "pk": 19, "fields": {"attempt": 10, "question": 4, "randomized_position": 2, "randomized_choice_order": "[10, 11, 12]", "is_answered": false, "is_flagged": false, "created_at": "2026-05-22T11:12:32.808Z"}}, {"model": "cbt.studentattemptquestion", "pk": 20, "fields": {"attempt": 10, "question": 5, "randomized_position": 3, "randomized_choice_order": "[13, 15, 14]", "is_answered": false, "is_flagged": false, "created_at": "2026-05-22T11:12:32.861Z"}}, {"model": "cbt.studentattemptquestion", "pk": 21, "fields": {"attempt": 11, "question": 3, "randomized_position": 1, "randomized_choice_order": "[9, 7, 8]", "is_answered": false, "is_flagged": false, "created_at": "2026-05-22T11:24:51.263Z"}}, {"model": "cbt.studentattemptquestion", "pk": 22, "fields": {"attempt": 11, "question": 4, "randomized_position": 2, "randomized_choice_order": "[10, 11, 12]", "is_answered": false, "is_flagged": false, "created_at": "2026-05-22T11:24:51.303Z"}}, {"model": "cbt.studentattemptquestion", "pk": 23, "fields": {"attempt": 11, "question": 5, "randomized_position": 3, "randomized_choice_order": "[15, 14, 13]", "is_answered": false, "is_flagged": false, "created_at": "2026-05-22T11:24:51.340Z"}}, {"model": "cbt.studentattemptquestion", "pk": 24, "fields": {"attempt": 12, "question": 3, "randomized_position": 1, "randomized_choice_order": "[9, 8, 7]", "is_answered": false, "is_flagged": false, "created_at": "2026-05-22T11:29:23.237Z"}}, {"model": "cbt.studentattemptquestion", "pk": 25, "fields": {"attempt": 12, "question": 4, "randomized_position": 2, "randomized_choice_order": "[12, 11, 10]", "is_answered": false, "is_flagged": false, "created_at": "2026-05-22T11:29:23.265Z"}}, {"model": "cbt.studentattemptquestion", "pk": 26, "fields": {"attempt": 12, "question": 5, "randomized_position": 3, "randomized_choice_order": "[14, 13, 15]", "is_answered": false, "is_flagged": false, "created_at": "2026-05-22T11:29:23.300Z"}}, {"model": "cbt.studentattemptquestion", "pk": 27, "fields": {"attempt": 13, "question": 3, "randomized_position": 1, "randomized_choice_order": "[7, 9, 8]", "is_answered": false, "is_flagged": false, "created_at": "2026-05-22T11:36:56.921Z"}}, {"model": "cbt.studentattemptquestion", "pk": 28, "fields": {"attempt": 13, "question": 4, "randomized_position": 2, "randomized_choice_order": "[11, 10, 12]", "is_answered": false, "is_flagged": false, "created_at": "2026-05-22T11:36:56.946Z"}}, {"model": "cbt.studentattemptquestion", "pk": 29, "fields": {"attempt": 13, "question": 5, "randomized_position": 3, "randomized_choice_order": "[15, 14, 13]", "is_answered": false, "is_flagged": false, "created_at": "2026-05-22T11:36:56.969Z"}}, {"model": "cbt.studentattemptquestion", "pk": 30, "fields": {"attempt": 14, "question": 3, "randomized_position": 1, "randomized_choice_order": "[9, 7, 8]", "is_answered": false, "is_flagged": false, "created_at": "2026-05-22T12:10:45.222Z"}}, {"model": "cbt.studentattemptquestion", "pk": 31, "fields": {"attempt": 14, "question": 4, "randomized_position": 2, "randomized_choice_order": "[11, 10, 12]", "is_answered": false, "is_flagged": false, "created_at": "2026-05-22T12:10:45.262Z"}}, {"model": "cbt.studentattemptquestion", "pk": 32, "fields": {"attempt": 14, "question": 5, "randomized_position": 3, "randomized_choice_order": "[14, 13, 15]", "is_answered": false, "is_flagged": false, "created_at": "2026-05-22T12:10:45.293Z"}}, {"model": "cbt.studentattemptquestion", "pk": 33, "fields": {"attempt": 15, "question": 1, "randomized_position": 1, "randomized_choice_order": "[16, 18, 17]", "is_answered": false, "is_flagged": false, "created_at": "2026-05-22T12:17:43.402Z"}}, {"model": "cbt.studentattemptquestion", "pk": 34, "fields": {"attempt": 15, "question": 2, "randomized_position": 2, "randomized_choice_order": "[20, 19, 21]", "is_answered": false, "is_flagged": false, "created_at": "2026-05-22T12:17:43.435Z"}}, {"model": "cbt.studentattemptquestion", "pk": 35, "fields": {"attempt": 15, "question": 6, "randomized_position": 3, "randomized_choice_order": "[24, 22, 23]", "is_answered": false, "is_flagged": false, "created_at": "2026-05-22T12:17:43.468Z"}}, {"model": "cbt.studentattemptquestion", "pk": 36, "fields": {"attempt": 16, "question": 3, "randomized_position": 1, "randomized_choice_order": "[8, 7, 9]", "is_answered": false, "is_flagged": false, "created_at": "2026-05-22T12:27:12.583Z"}}, {"model": "cbt.studentattemptquestion", "pk": 37, "fields": {"attempt": 16, "question": 4, "randomized_position": 2, "randomized_choice_order": "[11, 12, 10]", "is_answered": false, "is_flagged": false, "created_at": "2026-05-22T12:27:12.609Z"}}, {"model": "cbt.studentattemptquestion", "pk": 38, "fields": {"attempt": 16, "question": 5, "randomized_position": 3, "randomized_choice_order": "[13, 15, 14]", "is_answered": false, "is_flagged": false, "created_at": "2026-05-22T12:27:12.641Z"}}, {"model": "cbt.studentattemptquestion", "pk": 39, "fields": {"attempt": 17, "question": 3, "randomized_position": 1, "randomized_choice_order": "[9, 7, 8]", "is_answered": false, "is_flagged": false, "created_at": "2026-05-22T12:27:12.726Z"}}, {"model": "cbt.studentattemptquestion", "pk": 40, "fields": {"attempt": 17, "question": 4, "randomized_position": 2, "randomized_choice_order": "[11, 10, 12]", "is_answered": false, "is_flagged": false, "created_at": "2026-05-22T12:27:12.754Z"}}, {"model": "cbt.studentattemptquestion", "pk": 41, "fields": {"attempt": 17, "question": 5, "randomized_position": 3, "randomized_choice_order": "[13, 14, 15]", "is_answered": false, "is_flagged": false, "created_at": "2026-05-22T12:27:12.784Z"}}, {"model": "cbt.studentattemptquestion", "pk": 42, "fields": {"attempt": 18, "question": 3, "randomized_position": 1, "randomized_choice_order": "[9, 8, 7]", "is_answered": false, "is_flagged": false, "created_at": "2026-05-22T12:28:09.901Z"}}, {"model": "cbt.studentattemptquestion", "pk": 43, "fields": {"attempt": 18, "question": 4, "randomized_position": 2, "randomized_choice_order": "[12, 10, 11]", "is_answered": false, "is_flagged": false, "created_at": "2026-05-22T12:28:09.934Z"}}, {"model": "cbt.studentattemptquestion", "pk": 44, "fields": {"attempt": 18, "question": 5, "randomized_position": 3, "randomized_choice_order": "[15, 14, 13]", "is_answered": false, "is_flagged": false, "created_at": "2026-05-22T12:28:09.964Z"}}, {"model": "cbt.studentattemptquestion", "pk": 45, "fields": {"attempt": 19, "question": 3, "randomized_position": 1, "randomized_choice_order": "[9, 7, 8]", "is_answered": false, "is_flagged": false, "created_at": "2026-05-22T12:29:39.504Z"}}, {"model": "cbt.studentattemptquestion", "pk": 46, "fields": {"attempt": 19, "question": 4, "randomized_position": 2, "randomized_choice_order": "[11, 12, 10]", "is_answered": false, "is_flagged": false, "created_at": "2026-05-22T12:29:39.536Z"}}, {"model": "cbt.studentattemptquestion", "pk": 47, "fields": {"attempt": 19, "question": 5, "randomized_position": 3, "randomized_choice_order": "[14, 15, 13]", "is_answered": false, "is_flagged": false, "created_at": "2026-05-22T12:29:39.564Z"}}, {"model": "cbt.studentattemptquestion", "pk": 48, "fields": {"attempt": 20, "question": 3, "randomized_position": 1, "randomized_choice_order": "[9, 8, 7]", "is_answered": false, "is_flagged": false, "created_at": "2026-05-22T12:59:10.975Z"}}, {"model": "cbt.studentattemptquestion", "pk": 49, "fields": {"attempt": 20, "question": 4, "randomized_position": 2, "randomized_choice_order": "[10, 11, 12]", "is_answered": false, "is_flagged": false, "created_at": "2026-05-22T12:59:11.004Z"}}, {"model": "cbt.studentattemptquestion", "pk": 50, "fields": {"attempt": 20, "question": 5, "randomized_position": 3, "randomized_choice_order": "[14, 15, 13]", "is_answered": false, "is_flagged": false, "created_at": "2026-05-22T12:59:11.028Z"}}, {"model": "cbt.studentattemptquestion", "pk": 51, "fields": {"attempt": 21, "question": 3, "randomized_position": 1, "randomized_choice_order": "[9, 7, 8]", "is_answered": false, "is_flagged": true, "created_at": "2026-05-22T14:17:45.096Z"}}, {"model": "cbt.studentattemptquestion", "pk": 52, "fields": {"attempt": 21, "question": 4, "randomized_position": 2, "randomized_choice_order": "[12, 10, 11]", "is_answered": false, "is_flagged": false, "created_at": "2026-05-22T14:17:45.126Z"}}, {"model": "cbt.studentattemptquestion", "pk": 53, "fields": {"attempt": 21, "question": 5, "randomized_position": 3, "randomized_choice_order": "[15, 13, 14]", "is_answered": false, "is_flagged": false, "created_at": "2026-05-22T14:17:45.151Z"}}, {"model": "cbt.studentattemptquestion", "pk": 54, "fields": {"attempt": 22, "question": 3, "randomized_position": 1, "randomized_choice_order": "[8, 9, 7]", "is_answered": false, "is_flagged": false, "created_at": "2026-05-22T14:23:36.493Z"}}, {"model": "cbt.studentattemptquestion", "pk": 55, "fields": {"attempt": 22, "question": 4, "randomized_position": 2, "randomized_choice_order": "[10, 12, 11]", "is_answered": false, "is_flagged": false, "created_at": "2026-05-22T14:23:36.526Z"}}, {"model": "cbt.studentattemptquestion", "pk": 56, "fields": {"attempt": 22, "question": 5, "randomized_position": 3, "randomized_choice_order": "[14, 15, 13]", "is_answered": false, "is_flagged": false, "created_at": "2026-05-22T14:23:36.557Z"}}, {"model": "cbt.studentattemptquestion", "pk": 57, "fields": {"attempt": 23, "question": 3, "randomized_position": 1, "randomized_choice_order": "[7, 9, 8]", "is_answered": false, "is_flagged": false, "created_at": "2026-05-22T14:42:07.009Z"}}, {"model": "cbt.studentattemptquestion", "pk": 58, "fields": {"attempt": 23, "question": 4, "randomized_position": 2, "randomized_choice_order": "[10, 11, 12]", "is_answered": false, "is_flagged": false, "created_at": "2026-05-22T14:42:07.042Z"}}, {"model": "cbt.studentattemptquestion", "pk": 59, "fields": {"attempt": 23, "question": 5, "randomized_position": 3, "randomized_choice_order": "[15, 13, 14]", "is_answered": false, "is_flagged": false, "created_at": "2026-05-22T14:42:07.070Z"}}, {"model": "cbt.studentattemptquestion", "pk": 60, "fields": {"attempt": 24, "question": 3, "randomized_position": 1, "randomized_choice_order": "[9, 8, 7]", "is_answered": false, "is_flagged": false, "created_at": "2026-05-22T14:54:39.022Z"}}, {"model": "cbt.studentattemptquestion", "pk": 61, "fields": {"attempt": 24, "question": 4, "randomized_position": 2, "randomized_choice_order": "[12, 10, 11]", "is_answered": false, "is_flagged": false, "created_at": "2026-05-22T14:54:39.060Z"}}, {"model": "cbt.studentattemptquestion", "pk": 62, "fields": {"attempt": 24, "question": 5, "randomized_position": 3, "randomized_choice_order": "[15, 14, 13]", "is_answered": false, "is_flagged": false, "created_at": "2026-05-22T14:54:39.090Z"}}, {"model": "cbt.studentattemptquestion", "pk": 63, "fields": {"attempt": 25, "question": 3, "randomized_position": 1, "randomized_choice_order": "[8, 9, 7]", "is_answered": false, "is_flagged": false, "created_at": "2026-05-22T18:23:27.730Z"}}, {"model": "cbt.studentattemptquestion", "pk": 64, "fields": {"attempt": 25, "question": 4, "randomized_position": 2, "randomized_choice_order": "[10, 11, 12]", "is_answered": false, "is_flagged": false, "created_at": "2026-05-22T18:23:27.780Z"}}, {"model": "cbt.studentattemptquestion", "pk": 65, "fields": {"attempt": 25, "question": 5, "randomized_position": 3, "randomized_choice_order": "[15, 13, 14]", "is_answered": false, "is_flagged": false, "created_at": "2026-05-22T18:23:27.828Z"}}, {"model": "cbt.studentattemptquestion", "pk": 66, "fields": {"attempt": 26, "question": 3, "randomized_position": 1, "randomized_choice_order": "[8, 9, 7]", "is_answered": false, "is_flagged": false, "created_at": "2026-05-26T04:28:06.689Z"}}, {"model": "cbt.studentattemptquestion", "pk": 67, "fields": {"attempt": 26, "question": 4, "randomized_position": 2, "randomized_choice_order": "[12, 10, 11]", "is_answered": false, "is_flagged": false, "created_at": "2026-05-26T04:28:06.720Z"}}, {"model": "cbt.studentattemptquestion", "pk": 68, "fields": {"attempt": 26, "question": 5, "randomized_position": 3, "randomized_choice_order": "[13, 15, 14]", "is_answered": false, "is_flagged": false, "created_at": "2026-05-26T04:28:06.744Z"}}, {"model": "cbt.studentattemptquestion", "pk": 69, "fields": {"attempt": 27, "question": 3, "randomized_position": 1, "randomized_choice_order": "[7, 8, 9]", "is_answered": false, "is_flagged": false, "created_at": "2026-05-30T16:51:14.873Z"}}, {"model": "cbt.studentattemptquestion", "pk": 70, "fields": {"attempt": 27, "question": 4, "randomized_position": 2, "randomized_choice_order": "[10, 12, 11]", "is_answered": false, "is_flagged": false, "created_at": "2026-05-30T16:51:14.899Z"}}, {"model": "cbt.studentattemptquestion", "pk": 71, "fields": {"attempt": 27, "question": 5, "randomized_position": 3, "randomized_choice_order": "[14, 13, 15]", "is_answered": false, "is_flagged": false, "created_at": "2026-05-30T16:51:14.926Z"}}, {"model": "cbt.studentattemptquestion", "pk": 72, "fields": {"attempt": 28, "question": 1, "randomized_position": 1, "randomized_choice_order": "[16, 18, 17]", "is_answered": false, "is_flagged": false, "created_at": "2026-05-30T16:51:29.151Z"}}, {"model": "cbt.studentattemptquestion", "pk": 73, "fields": {"attempt": 28, "question": 2, "randomized_position": 2, "randomized_choice_order": "[21, 20, 19]", "is_answered": false, "is_flagged": false, "created_at": "2026-05-30T16:51:29.181Z"}}, {"model": "cbt.studentattemptquestion", "pk": 74, "fields": {"attempt": 28, "question": 6, "randomized_position": 3, "randomized_choice_order": "[22, 23, 24]", "is_answered": false, "is_flagged": false, "created_at": "2026-05-30T16:51:29.210Z"}}, {"model": "cbt.studentattemptquestion", "pk": 75, "fields": {"attempt": 29, "question": 3, "randomized_position": 1, "randomized_choice_order": "[8, 7, 9]", "is_answered": false, "is_flagged": false, "created_at": "2026-06-17T11:35:06.718Z"}}, {"model": "cbt.studentattemptquestion", "pk": 76, "fields": {"attempt": 29, "question": 4, "randomized_position": 2, "randomized_choice_order": "[12, 10, 11]", "is_answered": false, "is_flagged": false, "created_at": "2026-06-17T11:35:06.765Z"}}, {"model": "cbt.studentattemptquestion", "pk": 77, "fields": {"attempt": 29, "question": 5, "randomized_position": 3, "randomized_choice_order": "[14, 15, 13]", "is_answered": false, "is_flagged": false, "created_at": "2026-06-17T11:35:06.799Z"}}, {"model": "cbt.cbtattemptintegrityevent", "pk": 1, "fields": {"attempt": 20, "reason": "window_blur", "metadata": {}, "created_at": "2026-05-22T12:59:24.522Z"}}, {"model": "cbt.cbtattemptintegrityevent", "pk": 2, "fields": {"attempt": 20, "reason": "window_blur", "metadata": {}, "created_at": "2026-05-22T13:00:13.461Z"}}, {"model": "cbt.cbtattemptintegrityevent", "pk": 3, "fields": {"attempt": 20, "reason": "window_blur", "metadata": {}, "created_at": "2026-05-22T13:00:13.489Z"}}, {"model": "cbt.cbtattemptintegrityevent", "pk": 4, "fields": {"attempt": 20, "reason": "window_blur", "metadata": {}, "created_at": "2026-05-22T13:00:13.521Z"}}, {"model": "cbt.cbtattemptintegrityevent", "pk": 5, "fields": {"attempt": 20, "reason": "window_blur", "metadata": {}, "created_at": "2026-05-22T13:00:42.859Z"}}, {"model": "cbt.cbtattemptintegrityevent", "pk": 6, "fields": {"attempt": 24, "reason": "window_blur", "metadata": {}, "created_at": "2026-05-22T14:55:08.117Z"}}, {"model": "cbt.cbtattemptintegrityevent", "pk": 7, "fields": {"attempt": 24, "reason": "visibility_change", "metadata": {}, "created_at": "2026-05-22T14:55:08.145Z"}}, {"model": "cbt.cbtattemptintegrityevent", "pk": 8, "fields": {"attempt": 24, "reason": "window_blur", "metadata": {}, "created_at": "2026-05-22T14:55:24.986Z"}}, {"model": "cbt.cbtattemptintegrityevent", "pk": 9, "fields": {"attempt": 24, "reason": "visibility_change", "metadata": {}, "created_at": "2026-05-22T14:55:25.012Z"}}, {"model": "cbt.cbtattemptintegrityevent", "pk": 10, "fields": {"attempt": 24, "reason": "window_blur", "metadata": {}, "created_at": "2026-05-22T14:55:40.938Z"}}, {"model": "cbt.cbtattemptintegrityevent", "pk": 11, "fields": {"attempt": 24, "reason": "window_blur", "metadata": {}, "created_at": "2026-05-22T14:55:40.962Z"}}, {"model": "cbt.cbtattemptintegrityevent", "pk": 12, "fields": {"attempt": 24, "reason": "visibility_change", "metadata": {}, "created_at": "2026-05-22T14:55:40.988Z"}}, {"model": "cbt.cbtattemptintegrityevent", "pk": 13, "fields": {"attempt": 24, "reason": "window_blur", "metadata": {}, "created_at": "2026-05-22T14:55:47.754Z"}}, {"model": "cbt.cbtattemptintegrityevent", "pk": 14, "fields": {"attempt": 24, "reason": "window_blur", "metadata": {}, "created_at": "2026-05-22T14:55:47.782Z"}}, {"model": "cbt.cbtattemptintegrityevent", "pk": 15, "fields": {"attempt": 24, "reason": "visibility_change", "metadata": {}, "created_at": "2026-05-22T14:55:47.807Z"}}, {"model": "cbt.cbtattemptintegrityevent", "pk": 16, "fields": {"attempt": 24, "reason": "window_blur", "metadata": {}, "created_at": "2026-05-22T14:55:48.174Z"}}, {"model": "cbt.cbtattemptintegrityevent", "pk": 17, "fields": {"attempt": 24, "reason": "window_blur", "metadata": {}, "created_at": "2026-05-22T14:55:48.199Z"}}, {"model": "cbt.cbtattemptintegrityevent", "pk": 18, "fields": {"attempt": 24, "reason": "visibility_change", "metadata": {}, "created_at": "2026-05-22T14:55:48.225Z"}}, {"model": "cbt.cbtattemptintegrityevent", "pk": 19, "fields": {"attempt": 24, "reason": "window_blur", "metadata": {}, "created_at": "2026-05-22T14:55:48.679Z"}}, {"model": "cbt.cbtattemptintegrityevent", "pk": 20, "fields": {"attempt": 24, "reason": "window_blur", "metadata": {}, "created_at": "2026-05-22T14:55:48.706Z"}}, {"model": "cbt.cbtattemptintegrityevent", "pk": 21, "fields": {"attempt": 24, "reason": "visibility_change", "metadata": {}, "created_at": "2026-05-22T14:55:48.737Z"}}, {"model": "cbt.cbtattemptintegrityevent", "pk": 22, "fields": {"attempt": 26, "reason": "window_blur", "metadata": {}, "created_at": "2026-05-26T04:28:30.119Z"}}, {"model": "cbt.cbtattemptintegrityevent", "pk": 23, "fields": {"attempt": 26, "reason": "visibility_change", "metadata": {}, "created_at": "2026-05-26T04:28:30.141Z"}}, {"model": "cbt.cbtattemptintegrityevent", "pk": 24, "fields": {"attempt": 26, "reason": "window_blur", "metadata": {}, "created_at": "2026-05-26T04:29:08.029Z"}}, {"model": "cbt.cbtattemptintegrityevent", "pk": 25, "fields": {"attempt": 26, "reason": "visibility_change", "metadata": {}, "created_at": "2026-05-26T04:29:08.051Z"}}, {"model": "cbt.cbtattemptintegrityevent", "pk": 26, "fields": {"attempt": 26, "reason": "window_blur", "metadata": {}, "created_at": "2026-05-26T04:29:08.073Z"}}, {"model": "cbt.cbtattemptintegrityevent", "pk": 27, "fields": {"attempt": 26, "reason": "visibility_change", "metadata": {}, "created_at": "2026-05-26T04:29:08.097Z"}}, {"model": "cbt.cbtattemptintegrityevent", "pk": 28, "fields": {"attempt": 28, "reason": "window_blur", "metadata": {}, "created_at": "2026-05-30T16:52:14.188Z"}}, {"model": "cbt.cbtattemptintegrityevent", "pk": 29, "fields": {"attempt": 28, "reason": "visibility_change", "metadata": {}, "created_at": "2026-05-30T16:52:14.214Z"}}, {"model": "cbt.cbtattemptintegrityevent", "pk": 30, "fields": {"attempt": 28, "reason": "window_blur", "metadata": {}, "created_at": "2026-05-30T16:52:16.331Z"}}, {"model": "cbt.cbtattemptintegrityevent", "pk": 31, "fields": {"attempt": 28, "reason": "visibility_change", "metadata": {}, "created_at": "2026-05-30T16:52:16.356Z"}}, {"model": "cbt.cbtattemptintegrityevent", "pk": 32, "fields": {"attempt": 29, "reason": "window_blur", "metadata": {}, "created_at": "2026-06-17T11:35:38.471Z"}}]